id,state_name,state_id,country_id
1,Andaman and Nicobar Islands,1,101
2,Andhra Pradesh,2,101
3,Arunachal Pradesh,3,101
4,Assam,4,101
5,Bihar,5,101
6,Chandigarh,6,101
7,Chhattisgarh,7,101
8,Dadra and Nagar Haveli,8,101
9,Daman and Diu,9,101
10,Delhi,10,101
11,Goa,11,101
12,Gujarat,12,101
13,Haryana,13,101
14,Himachal Pradesh,14,101
15,Jammu and Kashmir,15,101
16,Jharkhand,16,101
17,Karnataka,17,101
19,Kerala,19,101
20,Lakshadweep,20,101
21,Madhya Pradesh,21,101
22,Maharashtra,22,101
23,Manipur,23,101
24,Meghalaya,24,101
25,Mizoram,25,101
26,Nagaland,26,101
29,Odisha,29,101
30,Paschim Medinipur,30,101
31,Pondicherry,31,101
32,Punjab,32,101
33,Rajasthan,33,101
34,Sikkim,34,101
35,Tamil Nadu,35,101
36,Telangana,36,101
37,Tripura,37,101
38,Uttar Pradesh,38,101
39,Uttarakhand,39,101
41,West Bengal,41,101
42,Badakhshan,42,1
43,Badgis,43,1
44,Baglan,44,1
45,Balkh,45,1
46,Bamiyan,46,1
47,Farah,47,1
48,Faryab,48,1
49,Gawr,49,1
50,Gazni,50,1
51,Herat,51,1
52,Hilmand,52,1
53,Jawzjan,53,1
54,Kabul,54,1
55,Kapisa,55,1
56,Khawst,56,1
57,Kunar,57,1
58,Lagman,58,1
59,Lawghar,59,1
60,Nangarhar,60,1
61,Nimruz,61,1
62,Nuristan,62,1
63,Paktika,63,1
64,Paktiya,64,1
65,Parwan,65,1
66,Qandahar,66,1
67,Qunduz,67,1
68,Samangan,68,1
69,Sar-e Pul,69,1
70,Takhar,70,1
71,Uruzgan,71,1
72,Wardag,72,1
73,Zabul,73,1
74,Berat,74,2
75,Bulqize,75,2
76,Delvine,76,2
77,Devoll,77,2
78,Dibre,78,2
79,Durres,79,2
80,Elbasan,80,2
81,Fier,81,2
82,Gjirokaster,82,2
83,Gramsh,83,2
84,Has,84,2
85,Kavaje,85,2
86,Kolonje,86,2
87,Korce,87,2
88,Kruje,88,2
89,Kucove,89,2
90,Kukes,90,2
91,Kurbin,91,2
92,Lezhe,92,2
93,Librazhd,93,2
94,Lushnje,94,2
95,Mallakaster,95,2
96,Malsi e Madhe,96,2
97,Mat,97,2
98,Mirdite,98,2
99,Peqin,99,2
100,Permet,100,2
101,Pogradec,101,2
102,Puke,102,2
103,Sarande,103,2
104,Shkoder,104,2
105,Skrapar,105,2
106,Tepelene,106,2
107,Tirane,107,2
108,Tropoje,108,2
109,Vlore,109,2
110,'Ayn Daflah,110,3
111,'Ayn Tamushanat,111,3
112,Adrar,112,3
113,Algiers,113,3
114,Annabah,114,3
115,Bashshar,115,3
116,Batnah,116,3
117,Bijayah,117,3
118,Biskrah,118,3
119,Blidah,119,3
120,Buirah,120,3
121,Bumardas,121,3
122,Burj Bu Arririj,122,3
123,Ghalizan,123,3
124,Ghardayah,124,3
125,Ilizi,125,3
126,Jijili,126,3
127,Jilfah,127,3
128,Khanshalah,128,3
129,Masilah,129,3
130,Midyah,130,3
131,Milah,131,3
132,Muaskar,132,3
133,Mustaghanam,133,3
134,Naama,134,3
135,Oran,135,3
136,Ouargla,136,3
137,Qalmah,137,3
138,Qustantinah,138,3
139,Sakikdah,139,3
140,Satif,140,3
141,Sayda',141,3
142,Sidi ban-al-'Abbas,142,3
143,Suq Ahras,143,3
144,Tamanghasat,144,3
145,Tibazah,145,3
146,Tibissah,146,3
147,Tilimsan,147,3
148,Tinduf,148,3
149,Tisamsilt,149,3
150,Tiyarat,150,3
151,Tizi Wazu,151,3
152,Umm-al-Bawaghi,152,3
153,Wahran,153,3
154,Warqla,154,3
155,Wilaya d Alger,155,3
156,Wilaya de Bejaia,156,3
157,Wilaya de Constantine,157,3
158,al-Aghwat,158,3
159,al-Bayadh,159,3
160,al-Jaza'ir,160,3
161,al-Wad,161,3
162,ash-Shalif,162,3
163,at-Tarif,163,3
164,Eastern,164,4
165,Manu'a,165,4
166,Swains Island,166,4
167,Western,167,4
168,Andorra la Vella,168,5
169,Canillo,169,5
170,Encamp,170,5
171,La Massana,171,5
172,Les Escaldes,172,5
173,Ordino,173,5
174,Sant Julia de Loria,174,5
175,Bengo,175,6
176,Benguela,176,6
177,Bie,177,6
178,Cabinda,178,6
179,Cunene,179,6
180,Huambo,180,6
181,Huila,181,6
182,Kuando-Kubango,182,6
183,Kwanza Norte,183,6
184,Kwanza Sul,184,6
185,Luanda,185,6
186,Lunda Norte,186,6
187,Lunda Sul,187,6
188,Malanje,188,6
189,Moxico,189,6
190,Namibe,190,6
191,Uige,191,6
192,Zaire,192,6
193,Other Provinces,193,7
194,Sector claimed by Argentina/Ch,194,8
195,Sector claimed by Argentina/UK,195,8
196,Sector claimed by Australia,196,8
197,Sector claimed by France,197,8
198,Sector claimed by New Zealand,198,8
199,Sector claimed by Norway,199,8
200,Unclaimed Sector,200,8
201,Barbuda,201,9
202,Saint George,202,9
203,Saint John,203,9
204,Saint Mary,204,9
205,Saint Paul,205,9
206,Saint Peter,206,9
207,Saint Philip,207,9
208,Buenos Aires,208,10
209,Catamarca,209,10
210,Chaco,210,10
211,Chubut,211,10
212,Cordoba,212,10
213,Corrientes,213,10
214,Distrito Federal,214,10
215,Entre Rios,215,10
216,Formosa,216,10
217,Jujuy,217,10
218,La Pampa,218,10
219,La Rioja,219,10
220,Mendoza,220,10
221,Misiones,221,10
222,Neuquen,222,10
223,Rio Negro,223,10
224,Salta,224,10
225,San Juan,225,10
226,San Luis,226,10
227,Santa Cruz,227,10
228,Santa Fe,228,10
229,Santiago del Estero,229,10
230,Tierra del Fuego,230,10
231,Tucuman,231,10
232,Aragatsotn,232,11
233,Ararat,233,11
234,Armavir,234,11
235,Gegharkunik,235,11
236,Kotaik,236,11
237,Lori,237,11
238,Shirak,238,11
239,Stepanakert,239,11
240,Syunik,240,11
241,Tavush,241,11
242,Vayots Dzor,242,11
243,Yerevan,243,11
244,Aruba,244,12
245,Auckland,245,13
246,Australian Capital Territory,246,13
247,Balgowlah,247,13
248,Balmain,248,13
249,Bankstown,249,13
250,Baulkham Hills,250,13
251,Bonnet Bay,251,13
252,Camberwell,252,13
253,Carole Park,253,13
254,Castle Hill,254,13
255,Caulfield,255,13
256,Chatswood,256,13
257,Cheltenham,257,13
258,Cherrybrook,258,13
259,Clayton,259,13
260,Collingwood,260,13
261,Frenchs Forest,261,13
262,Hawthorn,262,13
263,Jannnali,263,13
264,Knoxfield,264,13
265,Melbourne,265,13
266,New South Wales,266,13
267,Northern Territory,267,13
268,Perth,268,13
269,Queensland,269,13
270,South Australia,270,13
271,Tasmania,271,13
272,Templestowe,272,13
273,Victoria,273,13
274,Werribee south,274,13
275,Western Australia,275,13
276,Wheeler,276,13
277,Bundesland Salzburg,277,14
278,Bundesland Steiermark,278,14
279,Bundesland Tirol,279,14
280,Burgenland,280,14
281,Carinthia,281,14
282,Karnten,282,14
283,Liezen,283,14
284,Lower Austria,284,14
285,Niederosterreich,285,14
286,Oberosterreich,286,14
287,Salzburg,287,14
288,Schleswig-Holstein,288,14
289,Steiermark,289,14
290,Styria,290,14
291,Tirol,291,14
292,Upper Austria,292,14
293,Vorarlberg,293,14
294,Wien,294,14
295,Abseron,295,15
296,Baki Sahari,296,15
297,Ganca,297,15
298,Ganja,298,15
299,Kalbacar,299,15
300,Lankaran,300,15
301,Mil-Qarabax,301,15
302,Mugan-Salyan,302,15
303,Nagorni-Qarabax,303,15
304,Naxcivan,304,15
305,Priaraks,305,15
306,Qazax,306,15
307,Saki,307,15
308,Sirvan,308,15
309,Xacmaz,309,15
310,Abaco,310,16
311,Acklins Island,311,16
312,Andros,312,16
313,Berry Islands,313,16
314,Biminis,314,16
315,Cat Island,315,16
316,Crooked Island,316,16
317,Eleuthera,317,16
318,Exuma and Cays,318,16
319,Grand Bahama,319,16
320,Inagua Islands,320,16
321,Long Island,321,16
322,Mayaguana,322,16
323,New Providence,323,16
324,Ragged Island,324,16
325,Rum Cay,325,16
326,San Salvador,326,16
327,'Isa,327,17
328,Badiyah,328,17
329,Hidd,329,17
330,Jidd Hafs,330,17
331,Mahama,331,17
332,Manama,332,17
333,Sitrah,333,17
334,al-Manamah,334,17
335,al-Muharraq,335,17
336,ar-Rifa'a,336,17
337,Bagar Hat,337,18
338,Bandarban,338,18
339,Barguna,339,18
340,Barisal,340,18
341,Bhola,341,18
342,Bogora,342,18
343,Brahman Bariya,343,18
344,Chandpur,344,18
345,Chattagam,345,18
346,Chittagong Division,346,18
347,Chuadanga,347,18
348,Dhaka,348,18
349,Dinajpur,349,18
350,Faridpur,350,18
351,Feni,351,18
352,Gaybanda,352,18
353,Gazipur,353,18
354,Gopalganj,354,18
355,Habiganj,355,18
356,Jaipur Hat,356,18
357,Jamalpur,357,18
358,Jessor,358,18
359,Jhalakati,359,18
360,Jhanaydah,360,18
361,Khagrachhari,361,18
362,Khulna,362,18
363,Kishorganj,363,18
364,Koks Bazar,364,18
365,Komilla,365,18
366,Kurigram,366,18
367,Kushtiya,367,18
368,Lakshmipur,368,18
369,Lalmanir Hat,369,18
370,Madaripur,370,18
371,Magura,371,18
372,Maimansingh,372,18
373,Manikganj,373,18
374,Maulvi Bazar,374,18
375,Meherpur,375,18
376,Munshiganj,376,18
377,Naral,377,18
378,Narayanganj,378,18
379,Narsingdi,379,18
380,Nator,380,18
381,Naugaon,381,18
382,Nawabganj,382,18
383,Netrakona,383,18
384,Nilphamari,384,18
385,Noakhali,385,18
386,Pabna,386,18
387,Panchagarh,387,18
388,Patuakhali,388,18
389,Pirojpur,389,18
390,Rajbari,390,18
391,Rajshahi,391,18
392,Rangamati,392,18
393,Rangpur,393,18
394,Satkhira,394,18
395,Shariatpur,395,18
396,Sherpur,396,18
397,Silhat,397,18
398,Sirajganj,398,18
399,Sunamganj,399,18
400,Tangayal,400,18
401,Thakurgaon,401,18
402,Christ Church,402,19
403,Saint Andrew,403,19
404,Saint George,404,19
405,Saint James,405,19
406,Saint John,406,19
407,Saint Joseph,407,19
408,Saint Lucy,408,19
409,Saint Michael,409,19
410,Saint Peter,410,19
411,Saint Philip,411,19
412,Saint Thomas,412,19
413,Brest,413,20
414,Homjel',414,20
415,Hrodna,415,20
416,Mahiljow,416,20
417,Mahilyowskaya Voblasts,417,20
418,Minsk,418,20
419,Minskaja Voblasts',419,20
420,Petrik,420,20
421,Vicebsk,421,20
422,Antwerpen,422,21
423,Berchem,423,21
424,Brabant,424,21
425,Brabant Wallon,425,21
426,Brussel,426,21
427,East Flanders,427,21
428,Hainaut,428,21
429,Liege,429,21
430,Limburg,430,21
431,Luxembourg,431,21
432,Namur,432,21
433,Ontario,433,21
434,Oost-Vlaanderen,434,21
435,Provincie Brabant,435,21
436,Vlaams-Brabant,436,21
437,Wallonne,437,21
438,West-Vlaanderen,438,21
439,Belize,439,22
440,Cayo,440,22
441,Corozal,441,22
442,Orange Walk,442,22
443,Stann Creek,443,22
444,Toledo,444,22
445,Alibori,445,23
446,Atacora,446,23
447,Atlantique,447,23
448,Borgou,448,23
449,Collines,449,23
450,Couffo,450,23
451,Donga,451,23
452,Littoral,452,23
453,Mono,453,23
454,Oueme,454,23
455,Plateau,455,23
456,Zou,456,23
457,Hamilton,457,24
458,Saint George,458,24
459,Bumthang,459,25
460,Chhukha,460,25
461,Chirang,461,25
462,Daga,462,25
463,Geylegphug,463,25
464,Ha,464,25
465,Lhuntshi,465,25
466,Mongar,466,25
467,Pemagatsel,467,25
468,Punakha,468,25
469,Rinpung,469,25
470,Samchi,470,25
471,Samdrup Jongkhar,471,25
472,Shemgang,472,25
473,Tashigang,473,25
474,Timphu,474,25
475,Tongsa,475,25
476,Wangdiphodrang,476,25
477,Beni,477,26
478,Chuquisaca,478,26
479,Cochabamba,479,26
480,La Paz,480,26
481,Oruro,481,26
482,Pando,482,26
483,Potosi,483,26
484,Santa Cruz,484,26
485,Tarija,485,26
486,Federacija Bosna i Hercegovina,486,27
487,Republika Srpska,487,27
488,Central Bobonong,488,28
489,Central Boteti,489,28
490,Central Mahalapye,490,28
491,Central Serowe-Palapye,491,28
492,Central Tutume,492,28
493,Chobe,493,28
494,Francistown,494,28
495,Gaborone,495,28
496,Ghanzi,496,28
497,Jwaneng,497,28
498,Kgalagadi North,498,28
499,Kgalagadi South,499,28
500,Kgatleng,500,28
501,Kweneng,501,28
502,Lobatse,502,28
503,Ngamiland,503,28
504,Ngwaketse,504,28
505,North East,505,28
506,Okavango,506,28
507,Orapa,507,28
508,Selibe Phikwe,508,28
509,South East,509,28
510,Sowa,510,28
511,Bouvet Island,511,29
512,Acre,512,30
513,Alagoas,513,30
514,Amapa,514,30
515,Amazonas,515,30
516,Bahia,516,30
517,Ceara,517,30
518,Distrito Federal,518,30
519,Espirito Santo,519,30
520,Estado de Sao Paulo,520,30
521,Goias,521,30
522,Maranhao,522,30
523,Mato Grosso,523,30
524,Mato Grosso do Sul,524,30
525,Minas Gerais,525,30
526,Para,526,30
527,Paraiba,527,30
528,Parana,528,30
529,Pernambuco,529,30
530,Piaui,530,30
531,Rio Grande do Norte,531,30
532,Rio Grande do Sul,532,30
533,Rio de Janeiro,533,30
534,Rondonia,534,30
535,Roraima,535,30
536,Santa Catarina,536,30
537,Sao Paulo,537,30
538,Sergipe,538,30
539,Tocantins,539,30
540,British Indian Ocean Territory,540,31
541,Belait,541,32
542,Brunei-Muara,542,32
543,Temburong,543,32
544,Tutong,544,32
545,Blagoevgrad,545,33
546,Burgas,546,33
547,Dobrich,547,33
548,Gabrovo,548,33
549,Haskovo,549,33
550,Jambol,550,33
551,Kardzhali,551,33
552,Kjustendil,552,33
553,Lovech,553,33
554,Montana,554,33
555,Oblast Sofiya-Grad,555,33
556,Pazardzhik,556,33
557,Pernik,557,33
558,Pleven,558,33
559,Plovdiv,559,33
560,Razgrad,560,33
561,Ruse,561,33
562,Shumen,562,33
563,Silistra,563,33
564,Sliven,564,33
565,Smoljan,565,33
566,Sofija grad,566,33
567,Sofijska oblast,567,33
568,Stara Zagora,568,33
569,Targovishte,569,33
570,Varna,570,33
571,Veliko Tarnovo,571,33
572,Vidin,572,33
573,Vraca,573,33
574,Yablaniza,574,33
575,Bale,575,34
576,Bam,576,34
577,Bazega,577,34
578,Bougouriba,578,34
579,Boulgou,579,34
580,Boulkiemde,580,34
581,Comoe,581,34
582,Ganzourgou,582,34
583,Gnagna,583,34
584,Gourma,584,34
585,Houet,585,34
586,Ioba,586,34
587,Kadiogo,587,34
588,Kenedougou,588,34
589,Komandjari,589,34
590,Kompienga,590,34
591,Kossi,591,34
592,Kouritenga,592,34
593,Kourweogo,593,34
594,Leraba,594,34
595,Mouhoun,595,34
596,Nahouri,596,34
597,Namentenga,597,34
598,Noumbiel,598,34
599,Oubritenga,599,34
600,Oudalan,600,34
601,Passore,601,34
602,Poni,602,34
603,Sanguie,603,34
604,Sanmatenga,604,34
605,Seno,605,34
606,Sissili,606,34
607,Soum,607,34
608,Sourou,608,34
609,Tapoa,609,34
610,Tuy,610,34
611,Yatenga,611,34
612,Zondoma,612,34
613,Zoundweogo,613,34
614,Bubanza,614,35
615,Bujumbura,615,35
616,Bururi,616,35
617,Cankuzo,617,35
618,Cibitoke,618,35
619,Gitega,619,35
620,Karuzi,620,35
621,Kayanza,621,35
622,Kirundo,622,35
623,Makamba,623,35
624,Muramvya,624,35
625,Muyinga,625,35
626,Ngozi,626,35
627,Rutana,627,35
628,Ruyigi,628,35
629,Banteay Mean Chey,629,36
630,Bat Dambang,630,36
631,Kampong Cham,631,36
632,Kampong Chhnang,632,36
633,Kampong Spoeu,633,36
634,Kampong Thum,634,36
635,Kampot,635,36
636,Kandal,636,36
637,Kaoh Kong,637,36
638,Kracheh,638,36
639,Krong Kaeb,639,36
640,Krong Pailin,640,36
641,Krong Preah Sihanouk,641,36
642,Mondol Kiri,642,36
643,Otdar Mean Chey,643,36
644,Phnum Penh,644,36
645,Pousat,645,36
646,Preah Vihear,646,36
647,Prey Veaeng,647,36
648,Rotanak Kiri,648,36
649,Siem Reab,649,36
650,Stueng Traeng,650,36
651,Svay Rieng,651,36
652,Takaev,652,36
653,Adamaoua,653,37
654,Centre,654,37
655,Est,655,37
656,Littoral,656,37
657,Nord,657,37
658,Nord Extreme,658,37
659,Nordouest,659,37
660,Ouest,660,37
661,Sud,661,37
662,Sudouest,662,37
663,Alberta,663,38
664,British Columbia,664,38
665,Manitoba,665,38
666,New Brunswick,666,38
667,Newfoundland and Labrador,667,38
668,Northwest Territories,668,38
669,Nova Scotia,669,38
670,Nunavut,670,38
671,Ontario,671,38
672,Prince Edward Island,672,38
673,Quebec,673,38
674,Saskatchewan,674,38
675,Yukon,675,38
676,Boavista,676,39
677,Brava,677,39
678,Fogo,678,39
679,Maio,679,39
680,Sal,680,39
681,Santo Antao,681,39
682,Sao Nicolau,682,39
683,Sao Tiago,683,39
684,Sao Vicente,684,39
685,Grand Cayman,685,40
686,Bamingui-Bangoran,686,41
687,Bangui,687,41
688,Basse-Kotto,688,41
689,Haut-Mbomou,689,41
690,Haute-Kotto,690,41
691,Kemo,691,41
692,Lobaye,692,41
693,Mambere-Kadei,693,41
694,Mbomou,694,41
695,Nana-Gribizi,695,41
696,Nana-Mambere,696,41
697,Ombella Mpoko,697,41
698,Ouaka,698,41
699,Ouham,699,41
700,Ouham-Pende,700,41
701,Sangha-Mbaere,701,41
702,Vakaga,702,41
703,Batha,703,42
704,Biltine,704,42
705,Bourkou-Ennedi-Tibesti,705,42
706,Chari-Baguirmi,706,42
707,Guera,707,42
708,Kanem,708,42
709,Lac,709,42
710,Logone Occidental,710,42
711,Logone Oriental,711,42
712,Mayo-Kebbi,712,42
713,Moyen-Chari,713,42
714,Ouaddai,714,42
715,Salamat,715,42
716,Tandjile,716,42
717,Aisen,717,43
718,Antofagasta,718,43
719,Araucania,719,43
720,Atacama,720,43
721,Bio Bio,721,43
722,Coquimbo,722,43
723,Libertador General Bernardo O',723,43
724,Los Lagos,724,43
725,Magellanes,725,43
726,Maule,726,43
727,Metropolitana,727,43
728,Metropolitana de Santiago,728,43
729,Tarapaca,729,43
730,Valparaiso,730,43
731,Anhui,731,44
732,Aomen,734,44
733,Beijing,735,44
734,Beijing Shi,736,44
735,Chongqing,737,44
736,Fujian,738,44
737,Gansu,740,44
738,Guangdong,741,44
739,Guangxi,743,44
740,Guizhou,744,44
741,Hainan,745,44
742,Hebei,746,44
743,Heilongjiang,747,44
744,Henan,748,44
745,Hubei,749,44
746,Hunan,750,44
747,Jiangsu,751,44
748,Jiangxi,753,44
749,Jilin,754,44
750,Liaoning,755,44
751,Nei Monggol,757,44
752,Ningxia Hui,758,44
753,Qinghai,759,44
754,Shaanxi,760,44
755,Shandong,761,44
756,Shanghai,763,44
757,Shanxi,764,44
758,Sichuan,765,44
759,Tianjin,766,44
760,Xianggang,767,44
761,Xinjiang,768,44
762,Xizang,769,44
763,Yunnan,770,44
764,Zhejiang,771,44
765,Christmas Island,773,45
766,Cocos (Keeling) Islands,774,46
767,Amazonas,775,47
768,Antioquia,776,47
769,Arauca,777,47
770,Atlantico,778,47
771,Bogota,779,47
772,Bolivar,780,47
773,Boyaca,781,47
774,Caldas,782,47
775,Caqueta,783,47
776,Casanare,784,47
777,Cauca,785,47
778,Cesar,786,47
779,Choco,787,47
780,Cordoba,788,47
781,Cundinamarca,789,47
782,Guainia,790,47
783,Guaviare,791,47
784,Huila,792,47
785,La Guajira,793,47
786,Magdalena,794,47
787,Meta,795,47
788,Narino,796,47
789,Norte de Santander,797,47
790,Putumayo,798,47
791,Quindio,799,47
792,Risaralda,800,47
793,San Andres y Providencia,801,47
794,Santander,802,47
795,Sucre,803,47
796,Tolima,804,47
797,Valle del Cauca,805,47
798,Vaupes,806,47
799,Vichada,807,47
800,Mwali,808,48
801,Njazidja,809,48
802,Nzwani,810,48
803,Bouenza,811,49
804,Brazzaville,812,49
805,Cuvette,813,49
806,Kouilou,814,49
807,Lekoumou,815,49
808,Likouala,816,49
809,Niari,817,49
810,Plateaux,818,49
811,Pool,819,49
812,Sangha,820,49
813,Bandundu,821,50
814,Bas-Congo,822,50
815,Equateur,823,50
816,Haut-Congo,824,50
817,Kasai-Occidental,825,50
818,Kasai-Oriental,826,50
819,Katanga,827,50
820,Kinshasa,828,50
821,Maniema,829,50
822,Nord-Kivu,830,50
823,Sud-Kivu,831,50
824,Aitutaki,832,51
825,Atiu,833,51
826,Mangaia,834,51
827,Manihiki,835,51
828,Mauke,836,51
829,Mitiaro,837,51
830,Nassau,838,51
831,Pukapuka,839,51
832,Rakahanga,840,51
833,Rarotonga,841,51
834,Tongareva,842,51
835,Alajuela,843,52
836,Cartago,844,52
837,Guanacaste,845,52
838,Heredia,846,52
839,Limon,847,52
840,Puntarenas,848,52
841,San Jose,849,52
842,Abidjan,850,53
843,Agneby,851,53
844,Bafing,852,53
845,Denguele,853,53
846,Dix-huit Montagnes,854,53
847,Fromager,855,53
848,Haut-Sassandra,856,53
849,Lacs,857,53
850,Lagunes,858,53
851,Marahoue,859,53
852,Moyen-Cavally,860,53
853,Moyen-Comoe,861,53
854,N'zi-Comoe,862,53
855,Sassandra,863,53
856,Savanes,864,53
857,Sud-Bandama,865,53
858,Sud-Comoe,866,53
859,Vallee du Bandama,867,53
860,Worodougou,868,53
861,Zanzan,869,53
862,Bjelovar-Bilogora,870,54
863,Dubrovnik-Neretva,871,54
864,Grad Zagreb,872,54
865,Istra,873,54
866,Karlovac,874,54
867,Koprivnica-Krizhevci,875,54
868,Krapina-Zagorje,876,54
869,Lika-Senj,877,54
870,Medhimurje,878,54
871,Medimurska Zupanija,879,54
872,Osijek-Baranja,880,54
873,Osjecko-Baranjska Zupanija,881,54
874,Pozhega-Slavonija,882,54
875,Primorje-Gorski Kotar,883,54
876,Shibenik-Knin,884,54
877,Sisak-Moslavina,885,54
878,Slavonski Brod-Posavina,886,54
879,Split-Dalmacija,887,54
880,Varazhdin,888,54
881,Virovitica-Podravina,889,54
882,Vukovar-Srijem,890,54
883,Zadar,891,54
884,Zagreb,892,54
885,Camaguey,893,55
886,Ciego de Avila,894,55
887,Cienfuegos,895,55
888,Ciudad de la Habana,896,55
889,Granma,897,55
890,Guantanamo,898,55
891,Habana,899,55
892,Holguin,900,55
893,Isla de la Juventud,901,55
894,La Habana,902,55
895,Las Tunas,903,55
896,Matanzas,904,55
897,Pinar del Rio,905,55
898,Sancti Spiritus,906,55
899,Santiago de Cuba,907,55
900,Villa Clara,908,55
901,Government controlled area,909,56
902,Limassol,910,56
903,Nicosia District,911,56
904,Paphos,912,56
905,Turkish controlled area,913,56
906,Central Bohemian,914,57
907,Frycovice,915,57
908,Jihocesky Kraj,916,57
909,Jihochesky,917,57
910,Jihomoravsky,918,57
911,Karlovarsky,919,57
912,Klecany,920,57
913,Kralovehradecky,921,57
914,Liberecky,922,57
915,Lipov,923,57
916,Moravskoslezsky,924,57
917,Olomoucky,925,57
918,Olomoucky Kraj,926,57
919,Pardubicky,927,57
920,Plzensky,928,57
921,Praha,929,57
922,Rajhrad,930,57
923,Smirice,931,57
924,South Moravian,932,57
925,Straz nad Nisou,933,57
926,Stredochesky,934,57
927,Unicov,935,57
928,Ustecky,936,57
929,Valletta,937,57
930,Velesin,938,57
931,Vysochina,939,57
932,Zlinsky,940,57
933,Arhus,941,58
934,Bornholm,942,58
935,Frederiksborg,943,58
936,Fyn,944,58
937,Hovedstaden,945,58
938,Kobenhavn,946,58
939,Kobenhavns Amt,947,58
940,Kobenhavns Kommune,948,58
941,Nordjylland,949,58
942,Ribe,950,58
943,Ringkobing,951,58
944,Roervig,952,58
945,Roskilde,953,58
946,Roslev,954,58
947,Sjaelland,955,58
948,Soeborg,956,58
949,Sonderjylland,957,58
950,Storstrom,958,58
951,Syddanmark,959,58
952,Toelloese,960,58
953,Vejle,961,58
954,Vestsjalland,962,58
955,Viborg,963,58
956,'Ali Sabih,964,59
957,Dikhil,965,59
958,Jibuti,966,59
959,Tajurah,967,59
960,Ubuk,968,59
961,Saint Andrew,969,60
962,Saint David,970,60
963,Saint George,971,60
964,Saint John,972,60
965,Saint Joseph,973,60
966,Saint Luke,974,60
967,Saint Mark,975,60
968,Saint Patrick,976,60
969,Saint Paul,977,60
970,Saint Peter,978,60
971,Azua,979,61
972,Bahoruco,980,61
973,Barahona,981,61
974,Dajabon,982,61
975,Distrito Nacional,983,61
976,Duarte,984,61
977,El Seybo,985,61
978,Elias Pina,986,61
979,Espaillat,987,61
980,Hato Mayor,988,61
981,Independencia,989,61
982,La Altagracia,990,61
983,La Romana,991,61
984,La Vega,992,61
985,Maria Trinidad Sanchez,993,61
986,Monsenor Nouel,994,61
987,Monte Cristi,995,61
988,Monte Plata,996,61
989,Pedernales,997,61
990,Peravia,998,61
991,Puerto Plata,999,61
992,Salcedo,1000,61
993,Samana,1001,61
994,San Cristobal,1002,61
995,San Juan,1003,61
996,San Pedro de Macoris,1004,61
997,Sanchez Ramirez,1005,61
998,Santiago,1006,61
999,Santiago Rodriguez,1007,61
1000,Valverde,1008,61
1001,Aileu,1009,62
1002,Ainaro,1010,62
1003,Ambeno,1011,62
1004,Baucau,1012,62
1005,Bobonaro,1013,62
1006,Cova Lima,1014,62
1007,Dili,1015,62
1008,Ermera,1016,62
1009,Lautem,1017,62
1010,Liquica,1018,62
1011,Manatuto,1019,62
1012,Manufahi,1020,62
1013,Viqueque,1021,62
1014,Azuay,1022,63
1015,Bolivar,1023,63
1016,Canar,1024,63
1017,Carchi,1025,63
1018,Chimborazo,1026,63
1019,Cotopaxi,1027,63
1020,El Oro,1028,63
1021,Esmeraldas,1029,63
1022,Galapagos,1030,63
1023,Guayas,1031,63
1024,Imbabura,1032,63
1025,Loja,1033,63
1026,Los Rios,1034,63
1027,Manabi,1035,63
1028,Morona Santiago,1036,63
1029,Napo,1037,63
1030,Orellana,1038,63
1031,Pastaza,1039,63
1032,Pichincha,1040,63
1033,Sucumbios,1041,63
1034,Tungurahua,1042,63
1035,Zamora Chinchipe,1043,63
1036,Aswan,1044,64
1037,Asyut,1045,64
1038,Bani Suwayf,1046,64
1039,Bur Sa'id,1047,64
1040,Cairo,1048,64
1041,Dumyat,1049,64
1042,Kafr-ash-Shaykh,1050,64
1043,Matruh,1051,64
1044,Muhafazat ad Daqahliyah,1052,64
1045,Muhafazat al Fayyum,1053,64
1046,Muhafazat al Gharbiyah,1054,64
1047,Muhafazat al Iskandariyah,1055,64
1048,Muhafazat al Qahirah,1056,64
1049,Qina,1057,64
1050,Sawhaj,1058,64
1051,Sina al-Janubiyah,1059,64
1052,Sina ash-Shamaliyah,1060,64
1053,ad-Daqahliyah,1061,64
1054,al-Bahr-al-Ahmar,1062,64
1055,al-Buhayrah,1063,64
1056,al-Fayyum,1064,64
1057,al-Gharbiyah,1065,64
1058,al-Iskandariyah,1066,64
1059,al-Ismailiyah,1067,64
1060,al-Jizah,1068,64
1061,al-Minufiyah,1069,64
1062,al-Minya,1070,64
1063,al-Qahira,1071,64
1064,al-Qalyubiyah,1072,64
1065,al-Uqsur,1073,64
1066,al-Wadi al-Jadid,1074,64
1067,as-Suways,1075,64
1068,ash-Sharqiyah,1076,64
1069,Ahuachapan,1077,65
1070,Cabanas,1078,65
1071,Chalatenango,1079,65
1072,Cuscatlan,1080,65
1073,La Libertad,1081,65
1074,La Paz,1082,65
1075,La Union,1083,65
1076,Morazan,1084,65
1077,San Miguel,1085,65
1078,San Salvador,1086,65
1079,San Vicente,1087,65
1080,Santa Ana,1088,65
1081,Sonsonate,1089,65
1082,Usulutan,1090,65
1083,Annobon,1091,66
1084,Bioko Norte,1092,66
1085,Bioko Sur,1093,66
1086,Centro Sur,1094,66
1087,Kie-Ntem,1095,66
1088,Litoral,1096,66
1089,Wele-Nzas,1097,66
1090,Anseba,1098,67
1091,Debub,1099,67
1092,Debub-Keih-Bahri,1100,67
1093,Gash-Barka,1101,67
1094,Maekel,1102,67
1095,Semien-Keih-Bahri,1103,67
1096,Harju,1104,68
1097,Hiiu,1105,68
1098,Ida-Viru,1106,68
1099,Jarva,1107,68
1100,Jogeva,1108,68
1101,Laane,1109,68
1102,Laane-Viru,1110,68
1103,Parnu,1111,68
1104,Polva,1112,68
1105,Rapla,1113,68
1106,Saare,1114,68
1107,Tartu,1115,68
1108,Valga,1116,68
1109,Viljandi,1117,68
1110,Voru,1118,68
1111,Addis Abeba,1119,69
1112,Afar,1120,69
1113,Amhara,1121,69
1114,Benishangul,1122,69
1115,Diredawa,1123,69
1116,Gambella,1124,69
1117,Harar,1125,69
1118,Jigjiga,1126,69
1119,Mekele,1127,69
1120,Oromia,1128,69
1121,Somali,1129,69
1122,Southern,1130,69
1123,Tigray,1131,69
1124,Christmas Island,1132,70
1125,Cocos Islands,1133,70
1126,Coral Sea Islands,1134,70
1127,Falkland Islands,1135,71
1128,South Georgia,1136,71
1129,Klaksvik,1137,72
1130,Nor ara Eysturoy,1138,72
1131,Nor oy,1139,72
1132,Sandoy,1140,72
1133,Streymoy,1141,72
1134,Su uroy,1142,72
1135,Sy ra Eysturoy,1143,72
1136,Torshavn,1144,72
1137,Vaga,1145,72
1138,Central,1146,73
1139,Eastern,1147,73
1140,Northern,1148,73
1141,South Pacific,1149,73
1142,Western,1150,73
1143,Ahvenanmaa,1151,74
1144,Etela-Karjala,1152,74
1145,Etela-Pohjanmaa,1153,74
1146,Etela-Savo,1154,74
1147,Etela-Suomen Laani,1155,74
1148,Ita-Suomen Laani,1156,74
1149,Ita-Uusimaa,1157,74
1150,Kainuu,1158,74
1151,Kanta-Hame,1159,74
1152,Keski-Pohjanmaa,1160,74
1153,Keski-Suomi,1161,74
1154,Kymenlaakso,1162,74
1155,Lansi-Suomen Laani,1163,74
1156,Lappi,1164,74
1157,Northern Savonia,1165,74
1158,Ostrobothnia,1166,74
1159,Oulun Laani,1167,74
1160,Paijat-Hame,1168,74
1161,Pirkanmaa,1169,74
1162,Pohjanmaa,1170,74
1163,Pohjois-Karjala,1171,74
1164,Pohjois-Pohjanmaa,1172,74
1165,Pohjois-Savo,1173,74
1166,Saarijarvi,1174,74
1167,Satakunta,1175,74
1168,Southern Savonia,1176,74
1169,Tavastia Proper,1177,74
1170,Uleaborgs Lan,1178,74
1171,Uusimaa,1179,74
1172,Varsinais-Suomi,1180,74
1173,Ain,1181,75
1174,Aisne,1182,75
1175,Albi Le Sequestre,1183,75
1176,Allier,1184,75
1177,Alpes-Cote dAzur,1185,75
1178,Alpes-Maritimes,1186,75
1179,Alpes-de-Haute-Provence,1187,75
1180,Alsace,1188,75
1181,Aquitaine,1189,75
1182,Ardeche,1190,75
1183,Ardennes,1191,75
1184,Ariege,1192,75
1185,Aube,1193,75
1186,Aude,1194,75
1187,Auvergne,1195,75
1188,Aveyron,1196,75
1189,Bas-Rhin,1197,75
1190,Basse-Normandie,1198,75
1191,Bouches-du-Rhone,1199,75
1192,Bourgogne,1200,75
1193,Bretagne,1201,75
1194,Brittany,1202,75
1195,Burgundy,1203,75
1196,Calvados,1204,75
1197,Cantal,1205,75
1198,Cedex,1206,75
1199,Centre,1207,75
1200,Charente,1208,75
1201,Charente-Maritime,1209,75
1202,Cher,1210,75
1203,Correze,1211,75
1204,Corse-du-Sud,1212,75
1205,Cote-d'Or,1213,75
1206,Cotes-d'Armor,1214,75
1207,Creuse,1215,75
1208,Crolles,1216,75
1209,Deux-Sevres,1217,75
1210,Dordogne,1218,75
1211,Doubs,1219,75
1212,Drome,1220,75
1213,Essonne,1221,75
1214,Eure,1222,75
1215,Eure-et-Loir,1223,75
1216,Feucherolles,1224,75
1217,Finistere,1225,75
1218,Franche-Comte,1226,75
1219,Gard,1227,75
1220,Gers,1228,75
1221,Gironde,1229,75
1222,Haut-Rhin,1230,75
1223,Haute-Corse,1231,75
1224,Haute-Garonne,1232,75
1225,Haute-Loire,1233,75
1226,Haute-Marne,1234,75
1227,Haute-Saone,1235,75
1228,Haute-Savoie,1236,75
1229,Haute-Vienne,1237,75
1230,Hautes-Alpes,1238,75
1231,Hautes-Pyrenees,1239,75
1232,Hauts-de-Seine,1240,75
1233,Herault,1241,75
1234,Ile-de-France,1242,75
1235,Ille-et-Vilaine,1243,75
1236,Indre,1244,75
1237,Indre-et-Loire,1245,75
1238,Isere,1246,75
1239,Jura,1247,75
1240,Klagenfurt,1248,75
1241,Landes,1249,75
1242,Languedoc-Roussillon,1250,75
1243,Larcay,1251,75
1244,Le Castellet,1252,75
1245,Le Creusot,1253,75
1246,Limousin,1254,75
1247,Loir-et-Cher,1255,75
1248,Loire,1256,75
1249,Loire-Atlantique,1257,75
1250,Loiret,1258,75
1251,Lorraine,1259,75
1252,Lot,1260,75
1253,Lot-et-Garonne,1261,75
1254,Lower Normandy,1262,75
1255,Lozere,1263,75
1256,Maine-et-Loire,1264,75
1257,Manche,1265,75
1258,Marne,1266,75
1259,Mayenne,1267,75
1260,Meurthe-et-Moselle,1268,75
1261,Meuse,1269,75
1262,Midi-Pyrenees,1270,75
1263,Morbihan,1271,75
1264,Moselle,1272,75
1265,Nievre,1273,75
1266,Nord,1274,75
1267,Nord-Pas-de-Calais,1275,75
1268,Oise,1276,75
1269,Orne,1277,75
1270,Paris,1278,75
1271,Pas-de-Calais,1279,75
1272,Pays de la Loire,1280,75
1273,Pays-de-la-Loire,1281,75
1274,Picardy,1282,75
1275,Puy-de-Dome,1283,75
1276,Pyrenees-Atlantiques,1284,75
1277,Pyrenees-Orientales,1285,75
1278,Quelmes,1286,75
1279,Rhone,1287,75
1280,Rhone-Alpes,1288,75
1281,Saint Ouen,1289,75
1282,Saint Viatre,1290,75
1283,Saone-et-Loire,1291,75
1284,Sarthe,1292,75
1285,Savoie,1293,75
1286,Seine-Maritime,1294,75
1287,Seine-Saint-Denis,1295,75
1288,Seine-et-Marne,1296,75
1289,Somme,1297,75
1290,Sophia Antipolis,1298,75
1291,Souvans,1299,75
1292,Tarn,1300,75
1293,Tarn-et-Garonne,1301,75
1294,Territoire de Belfort,1302,75
1295,Treignac,1303,75
1296,Upper Normandy,1304,75
1297,Val-d'Oise,1305,75
1298,Val-de-Marne,1306,75
1299,Var,1307,75
1300,Vaucluse,1308,75
1301,Vellise,1309,75
1302,Vendee,1310,75
1303,Vienne,1311,75
1304,Vosges,1312,75
1305,Yonne,1313,75
1306,Yvelines,1314,75
1307,Cayenne,1315,76
1308,Saint-Laurent-du-Maroni,1316,76
1309,Iles du Vent,1317,77
1310,Iles sous le Vent,1318,77
1311,Marquesas,1319,77
1312,Tuamotu,1320,77
1313,Tubuai,1321,77
1314,Amsterdam,1322,78
1315,Crozet Islands,1323,78
1316,Kerguelen,1324,78
1317,Estuaire,1325,79
1318,Haut-Ogooue,1326,79
1319,Moyen-Ogooue,1327,79
1320,Ngounie,1328,79
1321,Nyanga,1329,79
1322,Ogooue-Ivindo,1330,79
1323,Ogooue-Lolo,1331,79
1324,Ogooue-Maritime,1332,79
1325,Woleu-Ntem,1333,79
1326,Banjul,1334,80
1327,Basse,1335,80
1328,Brikama,1336,80
1329,Janjanbureh,1337,80
1330,Kanifing,1338,80
1331,Kerewan,1339,80
1332,Kuntaur,1340,80
1333,Mansakonko,1341,80
1334,Abhasia,1342,81
1335,Ajaria,1343,81
1336,Guria,1344,81
1337,Imereti,1345,81
1338,Kaheti,1346,81
1339,Kvemo Kartli,1347,81
1340,Mcheta-Mtianeti,1348,81
1341,Racha,1349,81
1342,Samagrelo-Zemo Svaneti,1350,81
1343,Samche-Zhavaheti,1351,81
1344,Shida Kartli,1352,81
1345,Tbilisi,1353,81
1346,Auvergne,1354,82
1347,Baden-Wurttemberg,1355,82
1348,Bavaria,1356,82
1349,Bayern,1357,82
1350,Beilstein Wurtt,1358,82
1351,Berlin,1359,82
1352,Brandenburg,1360,82
1353,Bremen,1361,82
1354,Dreisbach,1362,82
1355,Freistaat Bayern,1363,82
1356,Hamburg,1364,82
1357,Hannover,1365,82
1358,Heroldstatt,1366,82
1359,Hessen,1367,82
1360,Kortenberg,1368,82
1361,Laasdorf,1369,82
1362,Land Baden-Wurttemberg,1370,82
1363,Land Bayern,1371,82
1364,Land Brandenburg,1372,82
1365,Land Hessen,1373,82
1366,Land Mecklenburg-Vorpommern,1374,82
1367,Land Nordrhein-Westfalen,1375,82
1368,Land Rheinland-Pfalz,1376,82
1369,Land Sachsen,1377,82
1370,Land Sachsen-Anhalt,1378,82
1371,Land Thuringen,1379,82
1372,Lower Saxony,1380,82
1373,Mecklenburg-Vorpommern,1381,82
1374,Mulfingen,1382,82
1375,Munich,1383,82
1376,Neubeuern,1384,82
1377,Niedersachsen,1385,82
1378,Noord-Holland,1386,82
1379,Nordrhein-Westfalen,1387,82
1380,North Rhine-Westphalia,1388,82
1381,Osterode,1389,82
1382,Rheinland-Pfalz,1390,82
1383,Rhineland-Palatinate,1391,82
1384,Saarland,1392,82
1385,Sachsen,1393,82
1386,Sachsen-Anhalt,1394,82
1387,Saxony,1395,82
1388,Schleswig-Holstein,1396,82
1389,Thuringia,1397,82
1390,Webling,1398,82
1391,Weinstrabe,1399,82
1392,schlobborn,1400,82
1393,Ashanti,1401,83
1394,Brong-Ahafo,1402,83
1395,Central,1403,83
1396,Eastern,1404,83
1397,Greater Accra,1405,83
1398,Northern,1406,83
1399,Upper East,1407,83
1400,Upper West,1408,83
1401,Volta,1409,83
1402,Western,1410,83
1403,Gibraltar,1411,84
1404,Acharnes,1412,85
1405,Ahaia,1413,85
1406,Aitolia kai Akarnania,1414,85
1407,Argolis,1415,85
1408,Arkadia,1416,85
1409,Arta,1417,85
1410,Attica,1418,85
1411,Attiki,1419,85
1412,Ayion Oros,1420,85
1413,Crete,1421,85
1414,Dodekanisos,1422,85
1415,Drama,1423,85
1416,Evia,1424,85
1417,Evritania,1425,85
1418,Evros,1426,85
1419,Evvoia,1427,85
1420,Florina,1428,85
1421,Fokis,1429,85
1422,Fthiotis,1430,85
1423,Grevena,1431,85
1424,Halandri,1432,85
1425,Halkidiki,1433,85
1426,Hania,1434,85
1427,Heraklion,1435,85
1428,Hios,1436,85
1429,Ilia,1437,85
1430,Imathia,1438,85
1431,Ioannina,1439,85
1432,Iraklion,1440,85
1433,Karditsa,1441,85
1434,Kastoria,1442,85
1435,Kavala,1443,85
1436,Kefallinia,1444,85
1437,Kerkira,1445,85
1438,Kiklades,1446,85
1439,Kilkis,1447,85
1440,Korinthia,1448,85
1441,Kozani,1449,85
1442,Lakonia,1450,85
1443,Larisa,1451,85
1444,Lasithi,1452,85
1445,Lesvos,1453,85
1446,Levkas,1454,85
1447,Magnisia,1455,85
1448,Messinia,1456,85
1449,Nomos Attikis,1457,85
1450,Nomos Zakynthou,1458,85
1451,Pella,1459,85
1452,Pieria,1460,85
1453,Piraios,1461,85
1454,Preveza,1462,85
1455,Rethimni,1463,85
1456,Rodopi,1464,85
1457,Samos,1465,85
1458,Serrai,1466,85
1459,Thesprotia,1467,85
1460,Thessaloniki,1468,85
1461,Trikala,1469,85
1462,Voiotia,1470,85
1463,West Greece,1471,85
1464,Xanthi,1472,85
1465,Zakinthos,1473,85
1466,Aasiaat,1474,86
1467,Ammassalik,1475,86
1468,Illoqqortoormiut,1476,86
1469,Ilulissat,1477,86
1470,Ivittuut,1478,86
1471,Kangaatsiaq,1479,86
1472,Maniitsoq,1480,86
1473,Nanortalik,1481,86
1474,Narsaq,1482,86
1475,Nuuk,1483,86
1476,Paamiut,1484,86
1477,Qaanaaq,1485,86
1478,Qaqortoq,1486,86
1479,Qasigiannguit,1487,86
1480,Qeqertarsuaq,1488,86
1481,Sisimiut,1489,86
1482,Udenfor kommunal inddeling,1490,86
1483,Upernavik,1491,86
1484,Uummannaq,1492,86
1485,Carriacou-Petite Martinique,1493,87
1486,Saint Andrew,1494,87
1487,Saint Davids,1495,87
1488,Saint George's,1496,87
1489,Saint John,1497,87
1490,Saint Mark,1498,87
1491,Saint Patrick,1499,87
1492,Basse-Terre,1500,88
1493,Grande-Terre,1501,88
1494,Iles des Saintes,1502,88
1495,La Desirade,1503,88
1496,Marie-Galante,1504,88
1497,Saint Barthelemy,1505,88
1498,Saint Martin,1506,88
1499,Agana Heights,1507,89
1500,Agat,1508,89
1501,Barrigada,1509,89
1502,Chalan-Pago-Ordot,1510,89
1503,Dededo,1511,89
1504,Hagatna,1512,89
1505,Inarajan,1513,89
1506,Mangilao,1514,89
1507,Merizo,1515,89
1508,Mongmong-Toto-Maite,1516,89
1509,Santa Rita,1517,89
1510,Sinajana,1518,89
1511,Talofofo,1519,89
1512,Tamuning,1520,89
1513,Yigo,1521,89
1514,Yona,1522,89
1515,Alta Verapaz,1523,90
1516,Baja Verapaz,1524,90
1517,Chimaltenango,1525,90
1518,Chiquimula,1526,90
1519,El Progreso,1527,90
1520,Escuintla,1528,90
1521,Guatemala,1529,90
1522,Huehuetenango,1530,90
1523,Izabal,1531,90
1524,Jalapa,1532,90
1525,Jutiapa,1533,90
1526,Peten,1534,90
1527,Quezaltenango,1535,90
1528,Quiche,1536,90
1529,Retalhuleu,1537,90
1530,Sacatepequez,1538,90
1531,San Marcos,1539,90
1532,Santa Rosa,1540,90
1533,Solola,1541,90
1534,Suchitepequez,1542,90
1535,Totonicapan,1543,90
1536,Zacapa,1544,90
1537,Alderney,1545,91
1538,Castel,1546,91
1539,Forest,1547,91
1540,Saint Andrew,1548,91
1541,Saint Martin,1549,91
1542,Saint Peter Port,1550,91
1543,Saint Pierre du Bois,1551,91
1544,Saint Sampson,1552,91
1545,Saint Saviour,1553,91
1546,Sark,1554,91
1547,Torteval,1555,91
1548,Vale,1556,91
1549,Beyla,1557,92
1550,Boffa,1558,92
1551,Boke,1559,92
1552,Conakry,1560,92
1553,Coyah,1561,92
1554,Dabola,1562,92
1555,Dalaba,1563,92
1556,Dinguiraye,1564,92
1557,Faranah,1565,92
1558,Forecariah,1566,92
1559,Fria,1567,92
1560,Gaoual,1568,92
1561,Gueckedou,1569,92
1562,Kankan,1570,92
1563,Kerouane,1571,92
1564,Kindia,1572,92
1565,Kissidougou,1573,92
1566,Koubia,1574,92
1567,Koundara,1575,92
1568,Kouroussa,1576,92
1569,Labe,1577,92
1570,Lola,1578,92
1571,Macenta,1579,92
1572,Mali,1580,92
1573,Mamou,1581,92
1574,Mandiana,1582,92
1575,Nzerekore,1583,92
1576,Pita,1584,92
1577,Siguiri,1585,92
1578,Telimele,1586,92
1579,Tougue,1587,92
1580,Yomou,1588,92
1581,Bafata,1589,93
1582,Bissau,1590,93
1583,Bolama,1591,93
1584,Cacheu,1592,93
1585,Gabu,1593,93
1586,Oio,1594,93
1587,Quinara,1595,93
1588,Tombali,1596,93
1589,Barima-Waini,1597,94
1590,Cuyuni-Mazaruni,1598,94
1591,Demerara-Mahaica,1599,94
1592,East Berbice-Corentyne,1600,94
1593,Essequibo Islands-West Demerar,1601,94
1594,Mahaica-Berbice,1602,94
1595,Pomeroon-Supenaam,1603,94
1596,Potaro-Siparuni,1604,94
1597,Upper Demerara-Berbice,1605,94
1598,Upper Takutu-Upper Essequibo,1606,94
1599,Artibonite,1607,95
1600,Centre,1608,95
1601,Grand'Anse,1609,95
1602,Nord,1610,95
1603,Nord-Est,1611,95
1604,Nord-Ouest,1612,95
1605,Ouest,1613,95
1606,Sud,1614,95
1607,Sud-Est,1615,95
1608,Heard and McDonald Islands,1616,96
1609,Atlantida,1617,97
1610,Choluteca,1618,97
1611,Colon,1619,97
1612,Comayagua,1620,97
1613,Copan,1621,97
1614,Cortes,1622,97
1615,Distrito Central,1623,97
1616,El Paraiso,1624,97
1617,Francisco Morazan,1625,97
1618,Gracias a Dios,1626,97
1619,Intibuca,1627,97
1620,Islas de la Bahia,1628,97
1621,La Paz,1629,97
1622,Lempira,1630,97
1623,Ocotepeque,1631,97
1624,Olancho,1632,97
1625,Santa Barbara,1633,97
1626,Valle,1634,97
1627,Yoro,1635,97
1628,Hong Kong,1636,98
1629,Bacs-Kiskun,1637,99
1630,Baranya,1638,99
1631,Bekes,1639,99
1632,Borsod-Abauj-Zemplen,1640,99
1633,Budapest,1641,99
1634,Csongrad,1642,99
1635,Fejer,1643,99
1636,Gyor-Moson-Sopron,1644,99
1637,Hajdu-Bihar,1645,99
1638,Heves,1646,99
1639,Jasz-Nagykun-Szolnok,1647,99
1640,Komarom-Esztergom,1648,99
1641,Nograd,1649,99
1642,Pest,1650,99
1643,Somogy,1651,99
1644,Szabolcs-Szatmar-Bereg,1652,99
1645,Tolna,1653,99
1646,Vas,1654,99
1647,Veszprem,1655,99
1648,Zala,1656,99
1649,Austurland,1657,100
1650,Gullbringusysla,1658,100
1651,Hofu borgarsva i,1659,100
1652,Nor urland eystra,1660,100
1653,Nor urland vestra,1661,100
1654,Su urland,1662,100
1655,Su urnes,1663,100
1656,Vestfir ir,1664,100
1657,Vesturland,1665,100
1658,Aceh,1666,102
1659,Bali,1667,102
1660,Bangka-Belitung,1668,102
1661,Banten,1669,102
1662,Bengkulu,1670,102
1663,Gandaria,1671,102
1664,Gorontalo,1672,102
1665,Jakarta,1673,102
1666,Jambi,1674,102
1667,Jawa Barat,1675,102
1668,Jawa Tengah,1676,102
1669,Jawa Timur,1677,102
1670,Kalimantan Barat,1678,102
1671,Kalimantan Selatan,1679,102
1672,Kalimantan Tengah,1680,102
1673,Kalimantan Timur,1681,102
1674,Kendal,1682,102
1675,Lampung,1683,102
1676,Maluku,1684,102
1677,Maluku Utara,1685,102
1678,Nusa Tenggara Barat,1686,102
1679,Nusa Tenggara Timur,1687,102
1680,Papua,1688,102
1681,Riau,1689,102
1682,Riau Kepulauan,1690,102
1683,Solo,1691,102
1684,Sulawesi Selatan,1692,102
1685,Sulawesi Tengah,1693,102
1686,Sulawesi Tenggara,1694,102
1687,Sulawesi Utara,1695,102
1688,Sumatera Barat,1696,102
1689,Sumatera Selatan,1697,102
1690,Sumatera Utara,1698,102
1691,Yogyakarta,1699,102
1692,Ardabil,1700,103
1693,Azarbayjan-e Bakhtari,1701,103
1694,Azarbayjan-e Khavari,1702,103
1695,Bushehr,1703,103
1696,Chahar Mahal-e Bakhtiari,1704,103
1697,Esfahan,1705,103
1698,Fars,1706,103
1699,Gilan,1707,103
1700,Golestan,1708,103
1701,Hamadan,1709,103
1702,Hormozgan,1710,103
1703,Ilam,1711,103
1704,Kerman,1712,103
1705,Kermanshah,1713,103
1706,Khorasan,1714,103
1707,Khuzestan,1715,103
1708,Kohgiluyeh-e Boyerahmad,1716,103
1709,Kordestan,1717,103
1710,Lorestan,1718,103
1711,Markazi,1719,103
1712,Mazandaran,1720,103
1713,Ostan-e Esfahan,1721,103
1714,Qazvin,1722,103
1715,Qom,1723,103
1716,Semnan,1724,103
1717,Sistan-e Baluchestan,1725,103
1718,Tehran,1726,103
1719,Yazd,1727,103
1720,Zanjan,1728,103
1721,Babil,1729,104
1722,Baghdad,1730,104
1723,Dahuk,1731,104
1724,Dhi Qar,1732,104
1725,Diyala,1733,104
1726,Erbil,1734,104
1727,Irbil,1735,104
1728,Karbala,1736,104
1729,Kurdistan,1737,104
1730,Maysan,1738,104
1731,Ninawa,1739,104
1732,Salah-ad-Din,1740,104
1733,Wasit,1741,104
1734,al-Anbar,1742,104
1735,al-Basrah,1743,104
1736,al-Muthanna,1744,104
1737,al-Qadisiyah,1745,104
1738,an-Najaf,1746,104
1739,as-Sulaymaniyah,1747,104
1740,at-Ta'mim,1748,104
1741,Armagh,1749,105
1742,Carlow,1750,105
1743,Cavan,1751,105
1744,Clare,1752,105
1745,Cork,1753,105
1746,Donegal,1754,105
1747,Dublin,1755,105
1748,Galway,1756,105
1749,Kerry,1757,105
1750,Kildare,1758,105
1751,Kilkenny,1759,105
1752,Laois,1760,105
1753,Leinster,1761,105
1754,Leitrim,1762,105
1755,Limerick,1763,105
1756,Loch Garman,1764,105
1757,Longford,1765,105
1758,Louth,1766,105
1759,Mayo,1767,105
1760,Meath,1768,105
1761,Monaghan,1769,105
1762,Offaly,1770,105
1763,Roscommon,1771,105
1764,Sligo,1772,105
1765,Tipperary North Riding,1773,105
1766,Tipperary South Riding,1774,105
1767,Ulster,1775,105
1768,Waterford,1776,105
1769,Westmeath,1777,105
1770,Wexford,1778,105
1771,Wicklow,1779,105
1772,Beit Hanania,1780,106
1773,Ben Gurion Airport,1781,106
1774,Bethlehem,1782,106
1775,Caesarea,1783,106
1776,Centre,1784,106
1777,Gaza,1785,106
1778,Hadaron,1786,106
1779,Haifa District,1787,106
1780,Hamerkaz,1788,106
1781,Hazafon,1789,106
1782,Hebron,1790,106
1783,Jaffa,1791,106
1784,Jerusalem,1792,106
1785,Khefa,1793,106
1786,Kiryat Yam,1794,106
1787,Lower Galilee,1795,106
1788,Qalqilya,1796,106
1789,Talme Elazar,1797,106
1790,Tel Aviv,1798,106
1791,Tsafon,1799,106
1792,Umm El Fahem,1800,106
1793,Yerushalayim,1801,106
1794,Abruzzi,1802,107
1795,Abruzzo,1803,107
1796,Agrigento,1804,107
1797,Alessandria,1805,107
1798,Ancona,1806,107
1799,Arezzo,1807,107
1800,Ascoli Piceno,1808,107
1801,Asti,1809,107
1802,Avellino,1810,107
1803,Bari,1811,107
1804,Basilicata,1812,107
1805,Belluno,1813,107
1806,Benevento,1814,107
1807,Bergamo,1815,107
1808,Biella,1816,107
1809,Bologna,1817,107
1810,Bolzano,1818,107
1811,Brescia,1819,107
1812,Brindisi,1820,107
1813,Calabria,1821,107
1814,Campania,1822,107
1815,Cartoceto,1823,107
1816,Caserta,1824,107
1817,Catania,1825,107
1818,Chieti,1826,107
1819,Como,1827,107
1820,Cosenza,1828,107
1821,Cremona,1829,107
1822,Cuneo,1830,107
1823,Emilia-Romagna,1831,107
1824,Ferrara,1832,107
1825,Firenze,1833,107
1826,Florence,1834,107
1827,Forli-Cesena ,1835,107
1828,Friuli-Venezia Giulia,1836,107
1829,Frosinone,1837,107
1830,Genoa,1838,107
1831,Gorizia,1839,107
1832,L'Aquila,1840,107
1833,Lazio,1841,107
1834,Lecce,1842,107
1835,Lecco,1843,107
1836,Liguria,1845,107
1837,Lodi,1846,107
1838,Lombardia,1847,107
1839,Lombardy,1848,107
1840,Macerata,1849,107
1841,Mantova,1850,107
1842,Marche,1851,107
1843,Messina,1852,107
1844,Milan,1853,107
1845,Modena,1854,107
1846,Molise,1855,107
1847,Molteno,1856,107
1848,Montenegro,1857,107
1849,Monza and Brianza,1858,107
1850,Naples,1859,107
1851,Novara,1860,107
1852,Padova,1861,107
1853,Parma,1862,107
1854,Pavia,1863,107
1855,Perugia,1864,107
1856,Pesaro-Urbino,1865,107
1857,Piacenza,1866,107
1858,Piedmont,1867,107
1859,Piemonte,1868,107
1860,Pisa,1869,107
1861,Pordenone,1870,107
1862,Potenza,1871,107
1863,Puglia,1872,107
1864,Reggio Emilia,1873,107
1865,Rimini,1874,107
1866,Roma,1875,107
1867,Salerno,1876,107
1868,Sardegna,1877,107
1869,Sassari,1878,107
1870,Savona,1879,107
1871,Sicilia,1880,107
1872,Siena,1881,107
1873,Sondrio,1882,107
1874,South Tyrol,1883,107
1875,Taranto,1884,107
1876,Teramo,1885,107
1877,Torino,1886,107
1878,Toscana,1887,107
1879,Trapani,1888,107
1880,Trentino-Alto Adige,1889,107
1881,Trento,1890,107
1882,Treviso,1891,107
1883,Udine,1892,107
1884,Umbria,1893,107
1885,Valle d'Aosta,1894,107
1886,Varese,1895,107
1887,Veneto,1896,107
1888,Venezia,1897,107
1889,Verbano-Cusio-Ossola,1898,107
1890,Vercelli,1899,107
1891,Verona,1900,107
1892,Vicenza,1901,107
1893,Viterbo,1902,107
1894,Buxoro Viloyati,1903,108
1895,Clarendon,1904,108
1896,Hanover,1905,108
1897,Kingston,1906,108
1898,Manchester,1907,108
1899,Portland,1908,108
1900,Saint Andrews,1909,108
1901,Saint Ann,1910,108
1902,Saint Catherine,1911,108
1903,Saint Elizabeth,1912,108
1904,Saint James,1913,108
1905,Saint Mary,1914,108
1906,Saint Thomas,1915,108
1907,Trelawney,1916,108
1908,Westmoreland,1917,108
1909,Aichi,1918,109
1910,Akita,1919,109
1911,Aomori,1920,109
1912,Chiba,1921,109
1913,Ehime,1922,109
1914,Fukui,1923,109
1915,Fukuoka,1924,109
1916,Fukushima,1925,109
1917,Gifu,1926,109
1918,Gumma,1927,109
1919,Hiroshima,1928,109
1920,Hokkaido,1929,109
1921,Hyogo,1930,109
1922,Ibaraki,1931,109
1923,Ishikawa,1932,109
1924,Iwate,1933,109
1925,Kagawa,1934,109
1926,Kagoshima,1935,109
1927,Kanagawa,1936,109
1928,Kanto,1937,109
1929,Kochi,1938,109
1930,Kumamoto,1939,109
1931,Kyoto,1940,109
1932,Mie,1941,109
1933,Miyagi,1942,109
1934,Miyazaki,1943,109
1935,Nagano,1944,109
1936,Nagasaki,1945,109
1937,Nara,1946,109
1938,Niigata,1947,109
1939,Oita,1948,109
1940,Okayama,1949,109
1941,Okinawa,1950,109
1942,Osaka,1951,109
1943,Saga,1952,109
1944,Saitama,1953,109
1945,Shiga,1954,109
1946,Shimane,1955,109
1947,Shizuoka,1956,109
1948,Tochigi,1957,109
1949,Tokushima,1958,109
1950,Tokyo,1959,109
1951,Tottori,1960,109
1952,Toyama,1961,109
1953,Wakayama,1962,109
1954,Yamagata,1963,109
1955,Yamaguchi,1964,109
1956,Yamanashi,1965,109
1957,Grouville,1966,110
1958,Saint Brelade,1967,110
1959,Saint Clement,1968,110
1960,Saint Helier,1969,110
1961,Saint John,1970,110
1962,Saint Lawrence,1971,110
1963,Saint Martin,1972,110
1964,Saint Mary,1973,110
1965,Saint Peter,1974,110
1966,Saint Saviour,1975,110
1967,Trinity,1976,110
1968,'Ajlun,1977,111
1969,Amman,1978,111
1970,Irbid,1979,111
1971,Jarash,1980,111
1972,Ma'an,1981,111
1973,Madaba,1982,111
1974,al-'Aqabah,1983,111
1975,al-Balqa',1984,111
1976,al-Karak,1985,111
1977,al-Mafraq,1986,111
1978,at-Tafilah,1987,111
1979,az-Zarqa',1988,111
1980,Akmecet,1989,112
1981,Akmola,1990,112
1982,Aktobe,1991,112
1983,Almati,1992,112
1984,Atirau,1993,112
1985,Batis Kazakstan,1994,112
1986,Burlinsky Region,1995,112
1987,Karagandi,1996,112
1988,Kostanay,1997,112
1989,Mankistau,1998,112
1990,Ontustik Kazakstan,1999,112
1991,Pavlodar,2000,112
1992,Sigis Kazakstan,2001,112
1993,Soltustik Kazakstan,2002,112
1994,Taraz,2003,112
1995,Central,2004,113
1996,Coast,2005,113
1997,Eastern,2006,113
1998,Nairobi,2007,113
1999,North Eastern,2008,113
2000,Nyanza,2009,113
2001,Rift Valley,2010,113
2002,Western,2011,113
2003,Abaiang,2012,114
2004,Abemana,2013,114
2005,Aranuka,2014,114
2006,Arorae,2015,114
2007,Banaba,2016,114
2008,Beru,2017,114
2009,Butaritari,2018,114
2010,Kiritimati,2019,114
2011,Kuria,2020,114
2012,Maiana,2021,114
2013,Makin,2022,114
2014,Marakei,2023,114
2015,Nikunau,2024,114
2016,Nonouti,2025,114
2017,Onotoa,2026,114
2018,Phoenix Islands,2027,114
2019,Tabiteuea North,2028,114
2020,Tabiteuea South,2029,114
2021,Tabuaeran,2030,114
2022,Tamana,2031,114
2023,Tarawa North,2032,114
2024,Tarawa South,2033,114
2025,Teraina,2034,114
2026,Chagangdo,2035,115
2027,Hamgyeongbukto,2036,115
2028,Hamgyeongnamdo,2037,115
2029,Hwanghaebukto,2038,115
2030,Hwanghaenamdo,2039,115
2031,Kaeseong,2040,115
2032,Kangweon,2041,115
2033,Nampo,2042,115
2034,Pyeonganbukto,2043,115
2035,Pyeongannamdo,2044,115
2036,Pyeongyang,2045,115
2037,Yanggang,2046,115
2038,Busan,2047,116
2039,Cheju,2048,116
2040,Chollabuk,2049,116
2041,Chollanam,2050,116
2042,Chungbuk,2051,116
2043,Chungcheongbuk,2052,116
2044,Chungcheongnam,2053,116
2045,Chungnam,2054,116
2046,Daegu,2055,116
2047,Gangwon-do,2056,116
2048,Goyang-si,2057,116
2049,Gyeonggi-do,2058,116
2050,Gyeongsang ,2059,116
2051,Gyeongsangnam-do,2060,116
2052,Incheon,2061,116
2053,Jeju-Si,2062,116
2054,Jeonbuk,2063,116
2055,Kangweon,2064,116
2056,Kwangju,2065,116
2057,Kyeonggi,2066,116
2058,Kyeongsangbuk,2067,116
2059,Kyeongsangnam,2068,116
2060,Kyonggi-do,2069,116
2061,Kyungbuk-Do,2070,116
2062,Kyunggi-Do,2071,116
2063,Kyunggi-do,2072,116
2064,Pusan,2073,116
2065,Seoul,2074,116
2066,Sudogwon,2075,116
2067,Taegu,2076,116
2068,Taejeon,2077,116
2069,Taejon-gwangyoksi,2078,116
2070,Ulsan,2079,116
2071,Wonju,2080,116
2072,gwangyoksi,2081,116
2073,Al Asimah,2082,117
2074,Hawalli,2083,117
2075,Mishref,2084,117
2076,Qadesiya,2085,117
2077,Safat,2086,117
2078,Salmiya,2087,117
2079,al-Ahmadi,2088,117
2080,al-Farwaniyah,2089,117
2081,al-Jahra,2090,117
2082,al-Kuwayt,2091,117
2083,Batken,2092,118
2084,Bishkek,2093,118
2085,Chui,2094,118
2086,Issyk-Kul,2095,118
2087,Jalal-Abad,2096,118
2088,Naryn,2097,118
2089,Osh,2098,118
2090,Talas,2099,118
2091,Attopu,2100,119
2092,Bokeo,2101,119
2093,Bolikhamsay,2102,119
2094,Champasak,2103,119
2095,Houaphanh,2104,119
2096,Khammouane,2105,119
2097,Luang Nam Tha,2106,119
2098,Luang Prabang,2107,119
2099,Oudomxay,2108,119
2100,Phongsaly,2109,119
2101,Saravan,2110,119
2102,Savannakhet,2111,119
2103,Sekong,2112,119
2104,Viangchan Prefecture,2113,119
2105,Viangchan Province,2114,119
2106,Xaignabury,2115,119
2107,Xiang Khuang,2116,119
2108,Aizkraukles,2117,120
2109,Aluksnes,2118,120
2110,Balvu,2119,120
2111,Bauskas,2120,120
2112,Cesu,2121,120
2113,Daugavpils,2122,120
2114,Daugavpils City,2123,120
2115,Dobeles,2124,120
2116,Gulbenes,2125,120
2117,Jekabspils,2126,120
2118,Jelgava,2127,120
2119,Jelgavas,2128,120
2120,Jurmala City,2129,120
2121,Kraslavas,2130,120
2122,Kuldigas,2131,120
2123,Liepaja,2132,120
2124,Liepajas,2133,120
2125,Limbazhu,2134,120
2126,Ludzas,2135,120
2127,Madonas,2136,120
2128,Ogres,2137,120
2129,Preilu,2138,120
2130,Rezekne,2139,120
2131,Rezeknes,2140,120
2132,Riga,2141,120
2133,Rigas,2142,120
2134,Saldus,2143,120
2135,Talsu,2144,120
2136,Tukuma,2145,120
2137,Valkas,2146,120
2138,Valmieras,2147,120
2139,Ventspils,2148,120
2140,Ventspils City,2149,120
2141,Beirut,2150,121
2142,Jabal Lubnan,2151,121
2143,Mohafazat Liban-Nord,2152,121
2144,Mohafazat Mont-Liban,2153,121
2145,Sidon,2154,121
2146,al-Biqa,2155,121
2147,al-Janub,2156,121
2148,an-Nabatiyah,2157,121
2149,ash-Shamal,2158,121
2150,Berea,2159,122
2151,Butha-Buthe,2160,122
2152,Leribe,2161,122
2153,Mafeteng,2162,122
2154,Maseru,2163,122
2155,Mohale's Hoek,2164,122
2156,Mokhotlong,2165,122
2157,Qacha's Nek,2166,122
2158,Quthing,2167,122
2159,Thaba-Tseka,2168,122
2160,Bomi,2169,123
2161,Bong,2170,123
2162,Grand Bassa,2171,123
2163,Grand Cape Mount,2172,123
2164,Grand Gedeh,2173,123
2165,Loffa,2174,123
2166,Margibi,2175,123
2167,Maryland and Grand Kru,2176,123
2168,Montserrado,2177,123
2169,Nimba,2178,123
2170,Rivercess,2179,123
2171,Sinoe,2180,123
2172,Ajdabiya,2181,124
2173,Fezzan,2182,124
2174,Banghazi,2183,124
2175,Darnah,2184,124
2176,Ghadamis,2185,124
2177,Gharyan,2186,124
2178,Misratah,2187,124
2179,Murzuq,2188,124
2180,Sabha,2189,124
2181,Sawfajjin,2190,124
2182,Surt,2191,124
2183,Tarabulus,2192,124
2184,Tarhunah,2193,124
2185,Tripolitania,2194,124
2186,Tubruq,2195,124
2187,Yafran,2196,124
2188,Zlitan,2197,124
2189,al-'Aziziyah,2198,124
2190,al-Fatih,2199,124
2191,al-Jabal al Akhdar,2200,124
2192,al-Jufrah,2201,124
2193,al-Khums,2202,124
2194,al-Kufrah,2203,124
2195,an-Nuqat al-Khams,2204,124
2196,ash-Shati',2205,124
2197,az-Zawiyah,2206,124
2198,Balzers,2207,125
2199,Eschen,2208,125
2200,Gamprin,2209,125
2201,Mauren,2210,125
2202,Planken,2211,125
2203,Ruggell,2212,125
2204,Schaan,2213,125
2205,Schellenberg,2214,125
2206,Triesen,2215,125
2207,Triesenberg,2216,125
2208,Vaduz,2217,125
2209,Alytaus,2218,126
2210,Anyksciai,2219,126
2211,Kauno,2220,126
2212,Klaipedos,2221,126
2213,Marijampoles,2222,126
2214,Panevezhio,2223,126
2215,Panevezys,2224,126
2216,Shiauliu,2225,126
2217,Taurages,2226,126
2218,Telshiu,2227,126
2219,Telsiai,2228,126
2220,Utenos,2229,126
2221,Vilniaus,2230,126
2222,Capellen,2231,127
2223,Clervaux,2232,127
2224,Diekirch,2233,127
2225,Echternach,2234,127
2226,Esch-sur-Alzette,2235,127
2227,Grevenmacher,2236,127
2228,Luxembourg,2237,127
2229,Mersch,2238,127
2230,Redange,2239,127
2231,Remich,2240,127
2232,Vianden,2241,127
2233,Wiltz,2242,127
2234,Macau,2243,128
2235,Berovo,2244,129
2236,Bitola,2245,129
2237,Brod,2246,129
2238,Debar,2247,129
2239,Delchevo,2248,129
2240,Demir Hisar,2249,129
2241,Gevgelija,2250,129
2242,Gostivar,2251,129
2243,Kavadarci,2252,129
2244,Kichevo,2253,129
2245,Kochani,2254,129
2246,Kratovo,2255,129
2247,Kriva Palanka,2256,129
2248,Krushevo,2257,129
2249,Kumanovo,2258,129
2250,Negotino,2259,129
2251,Ohrid,2260,129
2252,Prilep,2261,129
2253,Probishtip,2262,129
2254,Radovish,2263,129
2255,Resen,2264,129
2256,Shtip,2265,129
2257,Skopje,2266,129
2258,Struga,2267,129
2259,Strumica,2268,129
2260,Sveti Nikole,2269,129
2261,Tetovo,2270,129
2262,Valandovo,2271,129
2263,Veles,2272,129
2264,Vinica,2273,129
2265,Antananarivo,2274,130
2266,Antsiranana,2275,130
2267,Fianarantsoa,2276,130
2268,Mahajanga,2277,130
2269,Toamasina,2278,130
2270,Toliary,2279,130
2271,Balaka,2280,131
2272,Blantyre City,2281,131
2273,Chikwawa,2282,131
2274,Chiradzulu,2283,131
2275,Chitipa,2284,131
2276,Dedza,2285,131
2277,Dowa,2286,131
2278,Karonga,2287,131
2279,Kasungu,2288,131
2280,Lilongwe City,2289,131
2281,Machinga,2290,131
2282,Mangochi,2291,131
2283,Mchinji,2292,131
2284,Mulanje,2293,131
2285,Mwanza,2294,131
2286,Mzimba,2295,131
2287,Mzuzu City,2296,131
2288,Nkhata Bay,2297,131
2289,Nkhotakota,2298,131
2290,Nsanje,2299,131
2291,Ntcheu,2300,131
2292,Ntchisi,2301,131
2293,Phalombe,2302,131
2294,Rumphi,2303,131
2295,Salima,2304,131
2296,Thyolo,2305,131
2297,Zomba Municipality,2306,131
2298,Johor,2307,132
2299,Kedah,2308,132
2300,Kelantan,2309,132
2301,Kuala Lumpur,2310,132
2302,Labuan,2311,132
2303,Melaka,2312,132
2304,Negeri Johor,2313,132
2305,Negeri Sembilan,2314,132
2306,Pahang,2315,132
2307,Penang,2316,132
2308,Perak,2317,132
2309,Perlis,2318,132
2310,Pulau Pinang,2319,132
2311,Sabah,2320,132
2312,Sarawak,2321,132
2313,Selangor,2322,132
2314,Sembilan,2323,132
2315,Terengganu,2324,132
2316,Alif Alif,2325,133
2317,Alif Dhaal,2326,133
2318,Baa,2327,133
2319,Dhaal,2328,133
2320,Faaf,2329,133
2321,Gaaf Alif,2330,133
2322,Gaaf Dhaal,2331,133
2323,Ghaviyani,2332,133
2324,Haa Alif,2333,133
2325,Haa Dhaal,2334,133
2326,Kaaf,2335,133
2327,Laam,2336,133
2328,Lhaviyani,2337,133
2329,Male,2338,133
2330,Miim,2339,133
2331,Nuun,2340,133
2332,Raa,2341,133
2333,Shaviyani,2342,133
2334,Siin,2343,133
2335,Thaa,2344,133
2336,Vaav,2345,133
2337,Bamako,2346,134
2338,Gao,2347,134
2339,Kayes,2348,134
2340,Kidal,2349,134
2341,Koulikoro,2350,134
2342,Mopti,2351,134
2343,Segou,2352,134
2344,Sikasso,2353,134
2345,Tombouctou,2354,134
2346,Gozo and Comino,2355,135
2347,Inner Harbour,2356,135
2348,Northern,2357,135
2349,Outer Harbour,2358,135
2350,South Eastern,2359,135
2351,Valletta,2360,135
2352,Western,2361,135
2353,Castletown,2362,136
2354,Douglas,2363,136
2355,Laxey,2364,136
2356,Onchan,2365,136
2357,Peel,2366,136
2358,Port Erin,2367,136
2359,Port Saint Mary,2368,136
2360,Ramsey,2369,136
2361,Ailinlaplap,2370,137
2362,Ailuk,2371,137
2363,Arno,2372,137
2364,Aur,2373,137
2365,Bikini,2374,137
2366,Ebon,2375,137
2367,Enewetak,2376,137
2368,Jabat,2377,137
2369,Jaluit,2378,137
2370,Kili,2379,137
2371,Kwajalein,2380,137
2372,Lae,2381,137
2373,Lib,2382,137
2374,Likiep,2383,137
2375,Majuro,2384,137
2376,Maloelap,2385,137
2377,Mejit,2386,137
2378,Mili,2387,137
2379,Namorik,2388,137
2380,Namu,2389,137
2381,Rongelap,2390,137
2382,Ujae,2391,137
2383,Utrik,2392,137
2384,Wotho,2393,137
2385,Wotje,2394,137
2386,Fort-de-France,2395,138
2387,La Trinite,2396,138
2388,Le Marin,2397,138
2389,Saint-Pierre,2398,138
2390,Adrar,2399,139
2391,Assaba,2400,139
2392,Brakna,2401,139
2393,Dhakhlat Nawadibu,2402,139
2394,Hudh-al-Gharbi,2403,139
2395,Hudh-ash-Sharqi,2404,139
2396,Inshiri,2405,139
2397,Nawakshut,2406,139
2398,Qidimagha,2407,139
2399,Qurqul,2408,139
2400,Taqant,2409,139
2401,Tiris Zammur,2410,139
2402,Trarza,2411,139
2403,Black River,2412,140
2404,Eau Coulee,2413,140
2405,Flacq,2414,140
2406,Floreal,2415,140
2407,Grand Port,2416,140
2408,Moka,2417,140
2409,Pamplempousses,2418,140
2410,Plaines Wilhelm,2419,140
2411,Port Louis,2420,140
2412,Riviere du Rempart,2421,140
2413,Rodrigues,2422,140
2414,Rose Hill,2423,140
2415,Savanne,2424,140
2416,Mayotte,2425,141
2417,Pamanzi,2426,141
2418,Aguascalientes,2427,142
2419,Baja California,2428,142
2420,Baja California Sur,2429,142
2421,Campeche,2430,142
2422,Chiapas,2431,142
2423,Chihuahua,2432,142
2424,Coahuila,2433,142
2425,Colima,2434,142
2426,Distrito Federal,2435,142
2427,Durango,2436,142
2428,Estado de Mexico,2437,142
2429,Guanajuato,2438,142
2430,Guerrero,2439,142
2431,Hidalgo,2440,142
2432,Jalisco,2441,142
2433,Mexico,2442,142
2434,Michoacan,2443,142
2435,Morelos,2444,142
2436,Nayarit,2445,142
2437,Nuevo Leon,2446,142
2438,Oaxaca,2447,142
2439,Puebla,2448,142
2440,Queretaro,2449,142
2441,Quintana Roo,2450,142
2442,San Luis Potosi,2451,142
2443,Sinaloa,2452,142
2444,Sonora,2453,142
2445,Tabasco,2454,142
2446,Tamaulipas,2455,142
2447,Tlaxcala,2456,142
2448,Veracruz,2457,142
2449,Yucatan,2458,142
2450,Zacatecas,2459,142
2451,Chuuk,2460,143
2452,Kusaie,2461,143
2453,Pohnpei,2462,143
2454,Yap,2463,143
2455,Balti,2464,144
2456,Cahul,2465,144
2457,Chisinau,2466,144
2458,Chisinau Oras,2467,144
2459,Edinet,2468,144
2460,Gagauzia,2469,144
2461,Lapusna,2470,144
2462,Orhei,2471,144
2463,Soroca,2472,144
2464,Taraclia,2473,144
2465,Tighina,2474,144
2466,Transnistria,2475,144
2467,Ungheni,2476,144
2468,Fontvieille,2477,145
2469,La Condamine,2478,145
2470,Monaco-Ville,2479,145
2471,Monte Carlo,2480,145
2472,Arhangaj,2481,146
2473,Bajan-Olgij,2482,146
2474,Bajanhongor,2483,146
2475,Bulgan,2484,146
2476,Darhan-Uul,2485,146
2477,Dornod,2486,146
2478,Dornogovi,2487,146
2479,Dundgovi,2488,146
2480,Govi-Altaj,2489,146
2481,Govisumber,2490,146
2482,Hentij,2491,146
2483,Hovd,2492,146
2484,Hovsgol,2493,146
2485,Omnogovi,2494,146
2486,Orhon,2495,146
2487,Ovorhangaj,2496,146
2488,Selenge,2497,146
2489,Suhbaatar,2498,146
2490,Tov,2499,146
2491,Ulaanbaatar,2500,146
2492,Uvs,2501,146
2493,Zavhan,2502,146
2494,Montserrat,2503,147
2495,Agadir,2504,148
2496,Casablanca,2505,148
2497,Chaouia-Ouardigha,2506,148
2498,Doukkala-Abda,2507,148
2499,Fes-Boulemane,2508,148
2500,Gharb-Chrarda-Beni Hssen,2509,148
2501,Guelmim,2510,148
2502,Kenitra,2511,148
2503,Marrakech-Tensift-Al Haouz,2512,148
2504,Meknes-Tafilalet,2513,148
2505,Oriental,2514,148
2506,Oujda,2515,148
2507,Province de Tanger,2516,148
2508,Rabat-Sale-Zammour-Zaer,2517,148
2509,Sala Al Jadida,2518,148
2510,Settat,2519,148
2511,Souss Massa-Draa,2520,148
2512,Tadla-Azilal,2521,148
2513,Tangier-Tetouan,2522,148
2514,Taza-Al Hoceima-Taounate,2523,148
2515,Wilaya de Casablanca,2524,148
2516,Wilaya de Rabat-Sale,2525,148
2517,Cabo Delgado,2526,149
2518,Gaza,2527,149
2519,Inhambane,2528,149
2520,Manica,2529,149
2521,Maputo,2530,149
2522,Maputo Provincia,2531,149
2523,Nampula,2532,149
2524,Niassa,2533,149
2525,Sofala,2534,149
2526,Tete,2535,149
2527,Zambezia,2536,149
2528,Ayeyarwady,2537,150
2529,Bago,2538,150
2530,Chin,2539,150
2531,Kachin,2540,150
2532,Kayah,2541,150
2533,Kayin,2542,150
2534,Magway,2543,150
2535,Mandalay,2544,150
2536,Mon,2545,150
2537,Nay Pyi Taw,2546,150
2538,Rakhine,2547,150
2539,Sagaing,2548,150
2540,Shan,2549,150
2541,Tanintharyi,2550,150
2542,Yangon,2551,150
2543,Caprivi,2552,151
2544,Erongo,2553,151
2545,Hardap,2554,151
2546,Karas,2555,151
2547,Kavango,2556,151
2548,Khomas,2557,151
2549,Kunene,2558,151
2550,Ohangwena,2559,151
2551,Omaheke,2560,151
2552,Omusati,2561,151
2553,Oshana,2562,151
2554,Oshikoto,2563,151
2555,Otjozondjupa,2564,151
2556,Yaren,2565,152
2557,Bagmati,2566,153
2558,Bheri,2567,153
2559,Dhawalagiri,2568,153
2560,Gandaki,2569,153
2561,Janakpur,2570,153
2562,Karnali,2571,153
2563,Koshi,2572,153
2564,Lumbini,2573,153
2565,Mahakali,2574,153
2566,Mechi,2575,153
2567,Narayani,2576,153
2568,Rapti,2577,153
2569,Sagarmatha,2578,153
2570,Seti,2579,153
2571,Bonaire,2580,154
2572,Curacao,2581,154
2573,Saba,2582,154
2574,Sint Eustatius,2583,154
2575,Sint Maarten,2584,154
2576,Amsterdam,2585,155
2577,Benelux,2586,155
2578,Drenthe,2587,155
2579,Flevoland,2588,155
2580,Friesland,2589,155
2581,Gelderland,2590,155
2582,Groningen,2591,155
2583,Limburg,2592,155
2584,Noord-Brabant,2593,155
2585,Noord-Holland,2594,155
2586,Overijssel,2595,155
2587,South Holland,2596,155
2588,Utrecht,2597,155
2589,Zeeland,2598,155
2590,Zuid-Holland,2599,155
2591,Iles,2600,156
2592,Nord,2601,156
2593,Sud,2602,156
2594,Area Outside Region,2603,157
2595,Auckland,2604,157
2596,Bay of Plenty,2605,157
2597,Canterbury,2606,157
2598,Christchurch,2607,157
2599,Gisborne,2608,157
2600,Hawke's Bay,2609,157
2601,Manawatu-Wanganui,2610,157
2602,Marlborough,2611,157
2603,Nelson,2612,157
2604,Northland,2613,157
2605,Otago,2614,157
2606,Rodney,2615,157
2607,Southland,2616,157
2608,Taranaki,2617,157
2609,Tasman,2618,157
2610,Waikato,2619,157
2611,Wellington,2620,157
2612,West Coast,2621,157
2613,Atlantico Norte,2622,158
2614,Atlantico Sur,2623,158
2615,Boaco,2624,158
2616,Carazo,2625,158
2617,Chinandega,2626,158
2618,Chontales,2627,158
2619,Esteli,2628,158
2620,Granada,2629,158
2621,Jinotega,2630,158
2622,Leon,2631,158
2623,Madriz,2632,158
2624,Managua,2633,158
2625,Masaya,2634,158
2626,Matagalpa,2635,158
2627,Nueva Segovia,2636,158
2628,Rio San Juan,2637,158
2629,Rivas,2638,158
2630,Agadez,2639,159
2631,Diffa,2640,159
2632,Dosso,2641,159
2633,Maradi,2642,159
2634,Niamey,2643,159
2635,Tahoua,2644,159
2636,Tillabery,2645,159
2637,Zinder,2646,159
2638,Abia,2647,160
2639,Abuja Federal Capital Territory,2648,160
2640,Adamawa,2649,160
2641,Akwa Ibom,2650,160
2642,Anambra,2651,160
2643,Bauchi,2652,160
2644,Bayelsa,2653,160
2645,Benue,2654,160
2646,Borno,2655,160
2647,Cross River,2656,160
2648,Delta,2657,160
2649,Ebonyi,2658,160
2650,Edo,2659,160
2651,Ekiti,2660,160
2652,Enugu,2661,160
2653,Gombe,2662,160
2654,Imo,2663,160
2655,Jigawa,2664,160
2656,Kaduna,2665,160
2657,Kano,2666,160
2658,Katsina,2667,160
2659,Kebbi,2668,160
2660,Kogi,2669,160
2661,Kwara,2670,160
2662,Lagos,2671,160
2663,Nassarawa,2672,160
2664,Niger,2673,160
2665,Ogun,2674,160
2666,Ondo,2675,160
2667,Osun,2676,160
2668,Oyo,2677,160
2669,Plateau,2678,160
2670,Rivers,2679,160
2671,Sokoto,2680,160
2672,Taraba,2681,160
2673,Yobe,2682,160
2674,Zamfara,2683,160
2675,Niue,2684,161
2676,Norfolk Island,2685,162
2677,Northern Islands,2686,163
2678,Rota,2687,163
2679,Saipan,2688,163
2680,Tinian,2689,163
2681,Akershus,2690,164
2682,Aust Agder,2691,164
2683,Bergen,2692,164
2684,Buskerud,2693,164
2685,Finnmark,2694,164
2686,Hedmark,2695,164
2687,Hordaland,2696,164
2688,Moere og Romsdal,2697,164
2689,Nord Trondelag,2698,164
2690,Nordland,2699,164
2691,Oestfold,2700,164
2692,Oppland,2701,164
2693,Oslo,2702,164
2694,Rogaland,2703,164
2695,Soer Troendelag,2704,164
2696,Sogn og Fjordane,2705,164
2697,Stavern,2706,164
2698,Sykkylven,2707,164
2699,Telemark,2708,164
2700,Troms,2709,164
2701,Vest Agder,2710,164
2702,Vestfold,2711,164
2703,stfold,2712,164
2704,Al Buraimi,2713,165
2705,Dhufar,2714,165
2706,Masqat,2715,165
2707,Musandam,2716,165
2708,Rusayl,2717,165
2709,Wadi Kabir,2718,165
2710,ad-Dakhiliyah,2719,165
2711,adh-Dhahirah,2720,165
2712,al-Batinah,2721,165
2713,ash-Sharqiyah,2722,165
2714,Baluchistan,2723,166
2715,Federal Capital Area,2724,166
2716,Federally administered Tribal ,2725,166
2717,North-West Frontier,2726,166
2718,Northern Areas,2727,166
2719,Punjab,2728,166
2720,Sind,2729,166
2721,Aimeliik,2730,167
2722,Airai,2731,167
2723,Angaur,2732,167
2724,Hatobohei,2733,167
2725,Kayangel,2734,167
2726,Koror,2735,167
2727,Melekeok,2736,167
2728,Ngaraard,2737,167
2729,Ngardmau,2738,167
2730,Ngaremlengui,2739,167
2731,Ngatpang,2740,167
2732,Ngchesar,2741,167
2733,Ngerchelong,2742,167
2734,Ngiwal,2743,167
2735,Peleliu,2744,167
2736,Sonsorol,2745,167
2737,Ariha,2746,168
2738,Bayt Lahm,2747,168
2739,Bethlehem,2748,168
2740,Dayr-al-Balah,2749,168
2741,Ghazzah,2750,168
2742,Ghazzah ash-Shamaliyah,2751,168
2743,Janin,2752,168
2744,Khan Yunis,2753,168
2745,Nabulus,2754,168
2746,Qalqilyah,2755,168
2747,Rafah,2756,168
2748,Ram Allah wal-Birah,2757,168
2749,Salfit,2758,168
2750,Tubas,2759,168
2751,Tulkarm,2760,168
2752,al-Khalil,2761,168
2753,al-Quds,2762,168
2754,Bocas del Toro,2763,169
2755,Chiriqui,2764,169
2756,Cocle,2765,169
2757,Colon,2766,169
2758,Darien,2767,169
2759,Embera,2768,169
2760,Herrera,2769,169
2761,Kuna Yala,2770,169
2762,Los Santos,2771,169
2763,Ngobe Bugle,2772,169
2764,Panama,2773,169
2765,Veraguas,2774,169
2766,East New Britain,2775,170
2767,East Sepik,2776,170
2768,Eastern Highlands,2777,170
2769,Enga,2778,170
2770,Fly River,2779,170
2771,Gulf,2780,170
2772,Madang,2781,170
2773,Manus,2782,170
2774,Milne Bay,2783,170
2775,Morobe,2784,170
2776,National Capital District,2785,170
2777,New Ireland,2786,170
2778,North Solomons,2787,170
2779,Oro,2788,170
2780,Sandaun,2789,170
2781,Simbu,2790,170
2782,Southern Highlands,2791,170
2783,West New Britain,2792,170
2784,Western Highlands,2793,170
2785,Alto Paraguay,2794,171
2786,Alto Parana,2795,171
2787,Amambay,2796,171
2788,Asuncion,2797,171
2789,Boqueron,2798,171
2790,Caaguazu,2799,171
2791,Caazapa,2800,171
2792,Canendiyu,2801,171
2793,Central,2802,171
2794,Concepcion,2803,171
2795,Cordillera,2804,171
2796,Guaira,2805,171
2797,Itapua,2806,171
2798,Misiones,2807,171
2799,Neembucu,2808,171
2800,Paraguari,2809,171
2801,Presidente Hayes,2810,171
2802,San Pedro,2811,171
2803,Amazonas,2812,172
2804,Ancash,2813,172
2805,Apurimac,2814,172
2806,Arequipa,2815,172
2807,Ayacucho,2816,172
2808,Cajamarca,2817,172
2809,Cusco,2818,172
2810,Huancavelica,2819,172
2811,Huanuco,2820,172
2812,Ica,2821,172
2813,Junin,2822,172
2814,La Libertad,2823,172
2815,Lambayeque,2824,172
2816,Lima y Callao,2825,172
2817,Loreto,2826,172
2818,Madre de Dios,2827,172
2819,Moquegua,2828,172
2820,Pasco,2829,172
2821,Piura,2830,172
2822,Puno,2831,172
2823,San Martin,2832,172
2824,Tacna,2833,172
2825,Tumbes,2834,172
2826,Ucayali,2835,172
2827,Batangas,2836,173
2828,Bicol,2837,173
2829,Bulacan,2838,173
2830,Cagayan,2839,173
2831,Caraga,2840,173
2832,Central Luzon,2841,173
2833,Central Mindanao,2842,173
2834,Central Visayas,2843,173
2835,Cordillera,2844,173
2836,Davao,2845,173
2837,Eastern Visayas,2846,173
2838,Greater Metropolitan Area,2847,173
2839,Ilocos,2848,173
2840,Laguna,2849,173
2841,Luzon,2850,173
2842,Mactan,2851,173
2843,Metropolitan Manila Area,2852,173
2844,Muslim Mindanao,2853,173
2845,Northern Mindanao,2854,173
2846,Southern Mindanao,2855,173
2847,Southern Tagalog,2856,173
2848,Western Mindanao,2857,173
2849,Western Visayas,2858,173
2850,Pitcairn Island,2859,174
2851,Biale Blota,2860,175
2852,Dobroszyce,2861,175
2853,Dolnoslaskie,2862,175
2854,Dziekanow Lesny,2863,175
2855,Hopowo,2864,175
2856,Kartuzy,2865,175
2857,Koscian,2866,175
2858,Krakow,2867,175
2859,Kujawsko-Pomorskie,2868,175
2860,Lodzkie,2869,175
2861,Lubelskie,2870,175
2862,Lubuskie,2871,175
2863,Malomice,2872,175
2864,Malopolskie,2873,175
2865,Mazowieckie,2874,175
2866,Mirkow,2875,175
2867,Opolskie,2876,175
2868,Ostrowiec,2877,175
2869,Podkarpackie,2878,175
2870,Podlaskie,2879,175
2871,Polska,2880,175
2872,Pomorskie,2881,175
2873,Poznan,2882,175
2874,Pruszkow,2883,175
2875,Rymanowska,2884,175
2876,Rzeszow,2885,175
2877,Slaskie,2886,175
2878,Stare Pole,2887,175
2879,Swietokrzyskie,2888,175
2880,Warminsko-Mazurskie,2889,175
2881,Warsaw,2890,175
2882,Wejherowo,2891,175
2883,Wielkopolskie,2892,175
2884,Wroclaw,2893,175
2885,Zachodnio-Pomorskie,2894,175
2886,Zukowo,2895,175
2887,Abrantes,2896,176
2888,Acores,2897,176
2889,Alentejo,2898,176
2890,Algarve,2899,176
2891,Braga,2900,176
2892,Centro,2901,176
2893,Distrito de Leiria,2902,176
2894,Distrito de Viana do Castelo,2903,176
2895,Distrito de Vila Real,2904,176
2896,Distrito do Porto,2905,176
2897,Lisboa e Vale do Tejo,2906,176
2898,Madeira,2907,176
2899,Norte,2908,176
2900,Paivas,2909,176
2901,Arecibo,2910,177
2902,Bayamon,2911,177
2903,Carolina,2912,177
2904,Florida,2913,177
2905,Guayama,2914,177
2906,Humacao,2915,177
2907,Mayaguez-Aguadilla,2916,177
2908,Ponce,2917,177
2909,Salinas,2918,177
2910,San Juan,2919,177
2911,Doha,2920,178
2912,Jarian-al-Batnah,2921,178
2913,Umm Salal,2922,178
2914,ad-Dawhah,2923,178
2915,al-Ghuwayriyah,2924,178
2916,al-Jumayliyah,2925,178
2917,al-Khawr,2926,178
2918,al-Wakrah,2927,178
2919,ar-Rayyan,2928,178
2920,ash-Shamal,2929,178
2921,Saint-Benoit,2930,179
2922,Saint-Denis,2931,179
2923,Saint-Paul,2932,179
2924,Saint-Pierre,2933,179
2925,Alba,2934,180
2926,Arad,2935,180
2927,Arges,2936,180
2928,Bacau,2937,180
2929,Bihor,2938,180
2930,Bistrita-Nasaud,2939,180
2931,Botosani,2940,180
2932,Braila,2941,180
2933,Brasov,2942,180
2934,Bucuresti,2943,180
2935,Buzau,2944,180
2936,Calarasi,2945,180
2937,Caras-Severin,2946,180
2938,Cluj,2947,180
2939,Constanta,2948,180
2940,Covasna,2949,180
2941,Dambovita,2950,180
2942,Dolj,2951,180
2943,Galati,2952,180
2944,Giurgiu,2953,180
2945,Gorj,2954,180
2946,Harghita,2955,180
2947,Hunedoara,2956,180
2948,Ialomita,2957,180
2949,Iasi,2958,180
2950,Ilfov,2959,180
2951,Maramures,2960,180
2952,Mehedinti,2961,180
2953,Mures,2962,180
2954,Neamt,2963,180
2955,Olt,2964,180
2956,Prahova,2965,180
2957,Salaj,2966,180
2958,Satu Mare,2967,180
2959,Sibiu,2968,180
2960,Sondelor,2969,180
2961,Suceava,2970,180
2962,Teleorman,2971,180
2963,Timis,2972,180
2964,Tulcea,2973,180
2965,Valcea,2974,180
2966,Vaslui,2975,180
2967,Vrancea,2976,180
2968,Adygeja,2977,181
2969,Aga,2978,181
2970,Alanija,2979,181
2971,Altaj,2980,181
2972,Amur,2981,181
2973,Arhangelsk,2982,181
2974,Astrahan,2983,181
2975,Bashkortostan,2984,181
2976,Belgorod,2985,181
2977,Brjansk,2986,181
2978,Burjatija,2987,181
2979,Chechenija,2988,181
2980,Cheljabinsk,2989,181
2981,Chita,2990,181
2982,Chukotka,2991,181
2983,Chuvashija,2992,181
2984,Dagestan,2993,181
2985,Evenkija,2994,181
2986,Gorno-Altaj,2995,181
2987,Habarovsk,2996,181
2988,Hakasija,2997,181
2989,Hanty-Mansija,2998,181
2990,Ingusetija,2999,181
2991,Irkutsk,3000,181
2992,Ivanovo,3001,181
2993,Jamalo-Nenets,3002,181
2994,Jaroslavl,3003,181
2995,Jevrej,3004,181
2996,Kabardino-Balkarija,3005,181
2997,Kaliningrad,3006,181
2998,Kalmykija,3007,181
2999,Kaluga,3008,181
3000,Kamchatka,3009,181
3001,Karachaj-Cherkessija,3010,181
3002,Karelija,3011,181
3003,Kemerovo,3012,181
3004,Khabarovskiy Kray,3013,181
3005,Kirov,3014,181
3006,Komi,3015,181
3007,Komi-Permjakija,3016,181
3008,Korjakija,3017,181
3009,Kostroma,3018,181
3010,Krasnodar,3019,181
3011,Krasnojarsk,3020,181
3012,Krasnoyarskiy Kray,3021,181
3013,Kurgan,3022,181
3014,Kursk,3023,181
3015,Leningrad,3024,181
3016,Lipeck,3025,181
3017,Magadan,3026,181
3018,Marij El,3027,181
3019,Mordovija,3028,181
3020,Moscow,3029,181
3021,Moskovskaja Oblast,3030,181
3022,Moskovskaya Oblast,3031,181
3023,Moskva,3032,181
3024,Murmansk,3033,181
3025,Nenets,3034,181
3026,Nizhnij Novgorod,3035,181
3027,Novgorod,3036,181
3028,Novokusnezk,3037,181
3029,Novosibirsk,3038,181
3030,Omsk,3039,181
3031,Orenburg,3040,181
3032,Orjol,3041,181
3033,Penza,3042,181
3034,Perm,3043,181
3035,Primorje,3044,181
3036,Pskov,3045,181
3037,Pskovskaya Oblast,3046,181
3038,Rjazan,3047,181
3039,Rostov,3048,181
3040,Saha,3049,181
3041,Sahalin,3050,181
3042,Samara,3051,181
3043,Samarskaya,3052,181
3044,Sankt-Peterburg,3053,181
3045,Saratov,3054,181
3046,Smolensk,3055,181
3047,Stavropol,3056,181
3048,Sverdlovsk,3057,181
3049,Tajmyrija,3058,181
3050,Tambov,3059,181
3051,Tatarstan,3060,181
3052,Tjumen,3061,181
3053,Tomsk,3062,181
3054,Tula,3063,181
3055,Tver,3064,181
3056,Tyva,3065,181
3057,Udmurtija,3066,181
3058,Uljanovsk,3067,181
3059,Ulyanovskaya Oblast,3068,181
3060,Ust-Orda,3069,181
3061,Vladimir,3070,181
3062,Volgograd,3071,181
3063,Vologda,3072,181
3064,Voronezh,3073,181
3065,Butare,3074,182
3066,Byumba,3075,182
3067,Cyangugu,3076,182
3068,Gikongoro,3077,182
3069,Gisenyi,3078,182
3070,Gitarama,3079,182
3071,Kibungo,3080,182
3072,Kibuye,3081,182
3073,Kigali-ngali,3082,182
3074,Ruhengeri,3083,182
3075,Ascension,3084,183
3076,Gough Island,3085,183
3077,Saint Helena,3086,183
3078,Tristan da Cunha,3087,183
3079,Christ Church Nichola Town,3088,184
3080,Saint Anne Sandy Point,3089,184
3081,Saint George Basseterre,3090,184
3082,Saint George Gingerland,3091,184
3083,Saint James Windward,3092,184
3084,Saint John Capesterre,3093,184
3085,Saint John Figtree,3094,184
3086,Saint Mary Cayon,3095,184
3087,Saint Paul Capesterre,3096,184
3088,Saint Paul Charlestown,3097,184
3089,Saint Peter Basseterre,3098,184
3090,Saint Thomas Lowland,3099,184
3091,Saint Thomas Middle Island,3100,184
3092,Trinity Palmetto Point,3101,184
3093,Anse-la-Raye,3102,185
3094,Canaries,3103,185
3095,Castries,3104,185
3096,Choiseul,3105,185
3097,Dennery,3106,185
3098,Gros Inlet,3107,185
3099,Laborie,3108,185
3100,Micoud,3109,185
3101,Soufriere,3110,185
3102,Vieux Fort,3111,185
3103,Miquelon-Langlade,3112,186
3104,Saint-Pierre,3113,186
3105,Charlotte,3114,187
3106,Grenadines,3115,187
3107,Saint Andrew,3116,187
3108,Saint David,3117,187
3109,Saint George,3118,187
3110,Saint Patrick,3119,187
3111,A'ana,3120,188
3112,Aiga-i-le-Tai,3121,188
3113,Atua,3122,188
3114,Fa'asaleleaga,3123,188
3115,Gaga'emauga,3124,188
3116,Gagaifomauga,3125,188
3117,Palauli,3126,188
3118,Satupa'itea,3127,188
3119,Tuamasaga,3128,188
3120,Va'a-o-Fonoti,3129,188
3121,Vaisigano,3130,188
3122,Acquaviva,3131,189
3123,Borgo Maggiore,3132,189
3124,Chiesanuova,3133,189
3125,Domagnano,3134,189
3126,Faetano,3135,189
3127,Fiorentino,3136,189
3128,Montegiardino,3137,189
3129,San Marino,3138,189
3130,Serravalle,3139,189
3131,Agua Grande,3140,190
3132,Cantagalo,3141,190
3133,Lemba,3142,190
3134,Lobata,3143,190
3135,Me-Zochi,3144,190
3136,Pague,3145,190
3137,Al Khobar,3146,191
3138,Aseer,3147,191
3139,Ash Sharqiyah,3148,191
3140,Asir,3149,191
3141,Central Province,3150,191
3142,Eastern Province,3151,191
3143,Ha'il,3152,191
3144,Jawf,3153,191
3145,Jizan,3154,191
3146,Makkah,3155,191
3147,Najran,3156,191
3148,Qasim,3157,191
3149,Tabuk,3158,191
3150,Western Province,3159,191
3151,al-Bahah,3160,191
3152,al-Hudud-ash-Shamaliyah,3161,191
3153,al-Madinah,3162,191
3154,ar-Riyad,3163,191
3155,Dakar,3164,192
3156,Diourbel,3165,192
3157,Fatick,3166,192
3158,Kaolack,3167,192
3159,Kolda,3168,192
3160,Louga,3169,192
3161,Saint-Louis,3170,192
3162,Tambacounda,3171,192
3163,Thies,3172,192
3164,Ziguinchor,3173,192
3165,Central Serbia,3174,193
3166,Kosovo and Metohija,3175,193
3167,Vojvodina,3176,193
3168,Anse Boileau,3177,194
3169,Anse Royale,3178,194
3170,Cascade,3179,194
3171,Takamaka,3180,194
3172,Victoria,3181,194
3173,Eastern,3182,195
3174,Northern,3183,195
3175,Southern,3184,195
3176,Western,3185,195
3177,Singapore,3186,196
3178,Banskobystricky,3187,197
3179,Bratislavsky,3188,197
3180,Kosicky,3189,197
3181,Nitriansky,3190,197
3182,Presovsky,3191,197
3183,Trenciansky,3192,197
3184,Trnavsky,3193,197
3185,Zilinsky,3194,197
3186,Benedikt,3195,198
3187,Gorenjska,3196,198
3188,Gorishka,3197,198
3189,Jugovzhodna Slovenija,3198,198
3190,Koroshka,3199,198
3191,Notranjsko-krashka,3200,198
3192,Obalno-krashka,3201,198
3193,Obcina Domzale,3202,198
3194,Obcina Vitanje,3203,198
3195,Osrednjeslovenska,3204,198
3196,Podravska,3205,198
3197,Pomurska,3206,198
3198,Savinjska,3207,198
3199,Slovenian Littoral,3208,198
3200,Spodnjeposavska,3209,198
3201,Zasavska,3210,198
3202,Pitcairn,3211,199
3203,Central,3212,200
3204,Choiseul,3213,200
3205,Guadalcanal,3214,200
3206,Isabel,3215,200
3207,Makira and Ulawa,3216,200
3208,Malaita,3217,200
3209,Rennell and Bellona,3218,200
3210,Temotu,3219,200
3211,Western,3220,200
3212,Awdal,3221,201
3213,Bakol,3222,201
3214,Banadir,3223,201
3215,Bari,3224,201
3216,Bay,3225,201
3217,Galgudug,3226,201
3218,Gedo,3227,201
3219,Hiran,3228,201
3220,Jubbada Hose,3229,201
3221,Jubbadha Dexe,3230,201
3222,Mudug,3231,201
3223,Nugal,3232,201
3224,Sanag,3233,201
3225,Shabellaha Dhexe,3234,201
3226,Shabellaha Hose,3235,201
3227,Togdher,3236,201
3228,Woqoyi Galbed,3237,201
3229,Eastern Cape,3238,202
3230,Free State,3239,202
3231,Gauteng,3240,202
3232,Kempton Park,3241,202
3233,Kramerville,3242,202
3234,KwaZulu Natal,3243,202
3235,Limpopo,3244,202
3236,Mpumalanga,3245,202
3237,North West,3246,202
3238,Northern Cape,3247,202
3239,Parow,3248,202
3240,Table View,3249,202
3241,Umtentweni,3250,202
3242,Western Cape,3251,202
3243,South Georgia,3252,203
3244,Central Equatoria,3253,204
3245,A Coruna,3254,205
3246,Alacant,3255,205
3247,Alava,3256,205
3248,Albacete,3257,205
3249,Almeria,3258,205
3250,Asturias,3260,205
3251,Avila,3261,205
3252,Badajoz,3262,205
3253,Balears,3263,205
3254,Barcelona,3264,205
3255,Burgos,3267,205
3256,Caceres,3268,205
3257,Cadiz,3269,205
3258,Cantabria,3270,205
3259,Castello,3271,205
3260,Ceuta,3273,205
3261,Ciudad Real,3274,205
3262,Cordoba,3281,205
3263,Cuenca,3282,205
3264,Girona,3284,205
3265,Granada,3285,205
3266,Guadalajara,3286,205
3267,Guipuzcoa,3287,205
3268,Huelva,3288,205
3269,Huesca,3289,205
3270,Jaen,3290,205
3271,La Rioja,3291,205
3272,Las Palmas,3292,205
3273,Leon,3293,205
3274,Lleida,3295,205
3275,Lugo,3296,205
3276,Madrid,3297,205
3277,Malaga,3298,205
3278,Melilla,3299,205
3279,Murcia,3300,205
3280,Navarra,3301,205
3281,Ourense,3302,205
3282,Pais Vasco,3303,205
3283,Palencia,3304,205
3284,Pontevedra,3305,205
3285,Salamanca,3306,205
3286,Segovia,3308,205
3287,Sevilla,3309,205
3288,Soria,3310,205
3289,Tarragona,3311,205
3290,Santa Cruz de Tenerife,3312,205
3291,Teruel,3313,205
3292,Toledo,3314,205
3293,Valencia,3315,205
3294,Valladolid,3316,205
3295,Vizcaya,3317,205
3296,Zamora,3318,205
3297,Zaragoza,3319,205
3298,Amparai,3320,206
3299,Anuradhapuraya,3321,206
3300,Badulla,3322,206
3301,Boralesgamuwa,3323,206
3302,Colombo,3324,206
3303,Galla,3325,206
3304,Gampaha,3326,206
3305,Hambantota,3327,206
3306,Kalatura,3328,206
3307,Kegalla,3329,206
3308,Kilinochchi,3330,206
3309,Kurunegala,3331,206
3310,Madakalpuwa,3332,206
3311,Maha Nuwara,3333,206
3312,Malwana,3334,206
3313,Mannarama,3335,206
3314,Matale,3336,206
3315,Matara,3337,206
3316,Monaragala,3338,206
3317,Mullaitivu,3339,206
3318,North Eastern Province,3340,206
3319,North Western Province,3341,206
3320,Nuwara Eliya,3342,206
3321,Polonnaruwa,3343,206
3322,Puttalama,3344,206
3323,Ratnapuraya,3345,206
3324,Southern Province,3346,206
3325,Tirikunamalaya,3347,206
3326,Tuscany,3348,206
3327,Vavuniyawa,3349,206
3328,Western Province,3350,206
3329,Yapanaya,3351,206
3330,kadawatha,3352,206
3331,A'ali-an-Nil,3353,207
3332,Bahr-al-Jabal,3354,207
3333,Central Equatoria,3355,207
3334,Gharb Bahr-al-Ghazal,3356,207
3335,Gharb Darfur,3357,207
3336,Gharb Kurdufan,3358,207
3337,Gharb-al-Istiwa'iyah,3359,207
3338,Janub Darfur,3360,207
3339,Janub Kurdufan,3361,207
3340,Junqali,3362,207
3341,Kassala,3363,207
3342,Nahr-an-Nil,3364,207
3343,Shamal Bahr-al-Ghazal,3365,207
3344,Shamal Darfur,3366,207
3345,Shamal Kurdufan,3367,207
3346,Sharq-al-Istiwa'iyah,3368,207
3347,Sinnar,3369,207
3348,Warab,3370,207
3349,Wilayat al Khartum,3371,207
3350,al-Bahr-al-Ahmar,3372,207
3351,al-Buhayrat,3373,207
3352,al-Jazirah,3374,207
3353,al-Khartum,3375,207
3354,al-Qadarif,3376,207
3355,al-Wahdah,3377,207
3356,an-Nil-al-Abyad,3378,207
3357,an-Nil-al-Azraq,3379,207
3358,ash-Shamaliyah,3380,207
3359,Brokopondo,3381,208
3360,Commewijne,3382,208
3361,Coronie,3383,208
3362,Marowijne,3384,208
3363,Nickerie,3385,208
3364,Para,3386,208
3365,Paramaribo,3387,208
3366,Saramacca,3388,208
3367,Wanica,3389,208
3368,Svalbard,3390,209
3369,Hhohho,3391,210
3370,Lubombo,3392,210
3371,Manzini,3393,210
3372,Shiselweni,3394,210
3373,Alvsborgs Lan,3395,211
3374,Angermanland,3396,211
3375,Blekinge,3397,211
3376,Bohuslan,3398,211
3377,Dalarna,3399,211
3378,Gavleborg,3400,211
3379,Gaza,3401,211
3380,Gotland,3402,211
3381,Halland,3403,211
3382,Jamtland,3404,211
3383,Jonkoping,3405,211
3384,Kalmar,3406,211
3385,Kristianstads,3407,211
3386,Kronoberg,3408,211
3387,Norrbotten,3409,211
3388,Orebro,3410,211
3389,Ostergotland,3411,211
3390,Saltsjo-Boo,3412,211
3391,Skane,3413,211
3392,Smaland,3414,211
3393,Sodermanland,3415,211
3394,Stockholm,3416,211
3395,Uppsala,3417,211
3396,Varmland,3418,211
3397,Vasterbotten,3419,211
3398,Vastergotland,3420,211
3399,Vasternorrland,3421,211
3400,Vastmanland,3422,211
3401,Vastra Gotaland,3423,211
3402,Aargau,3424,212
3403,Appenzell Inner-Rhoden,3425,212
3404,Appenzell-Ausser Rhoden,3426,212
3405,Basel-Landschaft,3427,212
3406,Basel-Stadt,3428,212
3407,Bern,3429,212
3408,Canton Ticino,3430,212
3409,Fribourg,3431,212
3410,Geneve,3432,212
3411,Glarus,3433,212
3412,Graubunden,3434,212
3413,Heerbrugg,3435,212
3414,Jura,3436,212
3415,Kanton Aargau,3437,212
3416,Luzern,3438,212
3417,Morbio Inferiore,3439,212
3418,Muhen,3440,212
3419,Neuchatel,3441,212
3420,Nidwalden,3442,212
3421,Obwalden,3443,212
3422,Sankt Gallen,3444,212
3423,Schaffhausen,3445,212
3424,Schwyz,3446,212
3425,Solothurn,3447,212
3426,Thurgau,3448,212
3427,Ticino,3449,212
3428,Uri,3450,212
3429,Valais,3451,212
3430,Vaud,3452,212
3431,Vauffelin,3453,212
3432,Zug,3454,212
3433,Zurich,3455,212
3434,Aleppo,3456,213
3435,Dar'a,3457,213
3436,Dayr-az-Zawr,3458,213
3437,Dimashq,3459,213
3438,Halab,3460,213
3439,Hamah,3461,213
3440,Hims,3462,213
3441,Idlib,3463,213
3442,Madinat Dimashq,3464,213
3443,Tartus,3465,213
3444,al-Hasakah,3466,213
3445,al-Ladhiqiyah,3467,213
3446,al-Qunaytirah,3468,213
3447,ar-Raqqah,3469,213
3448,as-Suwayda,3470,213
3449,Changhua County,3471,214
3450,Chiayi County,3472,214
3451,Chiayi City,3473,214
3452,Taipei City,3474,214
3453,Hsinchu County,3475,214
3454,Hsinchu City,3476,214
3455,Hualien County,3477,214
3456,Kaohsiung City,3480,214
3457,Keelung City,3481,214
3458,Kinmen County,3482,214
3459,Miaoli County,3483,214
3460,Nantou County,3484,214
3461,Penghu County,3486,214
3462,Pingtung County,3487,214
3463,Taichung City,3488,214
3464,Tainan City,3492,214
3465,New Taipei City,3493,214
3466,Taitung County,3495,214
3467,Taoyuan City,3496,214
3468,Yilan County,3497,214
3469,YunLin County,3498,214
3470,Dushanbe,3500,215
3471,Gorno-Badakhshan,3501,215
3472,Karotegin,3502,215
3473,Khatlon,3503,215
3474,Sughd,3504,215
3475,Arusha,3505,216
3476,Dar es Salaam,3506,216
3477,Dodoma,3507,216
3478,Iringa,3508,216
3479,Kagera,3509,216
3480,Kigoma,3510,216
3481,Kilimanjaro,3511,216
3482,Lindi,3512,216
3483,Mara,3513,216
3484,Mbeya,3514,216
3485,Morogoro,3515,216
3486,Mtwara,3516,216
3487,Mwanza,3517,216
3488,Pwani,3518,216
3489,Rukwa,3519,216
3490,Ruvuma,3520,216
3491,Shinyanga,3521,216
3492,Singida,3522,216
3493,Tabora,3523,216
3494,Tanga,3524,216
3495,Zanzibar and Pemba,3525,216
3496,Amnat Charoen,3526,217
3497,Ang Thong,3527,217
3498,Bangkok,3528,217
3499,Buri Ram,3529,217
3500,Chachoengsao,3530,217
3501,Chai Nat,3531,217
3502,Chaiyaphum,3532,217
3503,Changwat Chaiyaphum,3533,217
3504,Chanthaburi,3534,217
3505,Chiang Mai,3535,217
3506,Chiang Rai,3536,217
3507,Chon Buri,3537,217
3508,Chumphon,3538,217
3509,Kalasin,3539,217
3510,Kamphaeng Phet,3540,217
3511,Kanchanaburi,3541,217
3512,Khon Kaen,3542,217
3513,Krabi,3543,217
3514,Krung Thep,3544,217
3515,Lampang,3545,217
3516,Lamphun,3546,217
3517,Loei,3547,217
3518,Lop Buri,3548,217
3519,Mae Hong Son,3549,217
3520,Maha Sarakham,3550,217
3521,Mukdahan,3551,217
3522,Nakhon Nayok,3552,217
3523,Nakhon Pathom,3553,217
3524,Nakhon Phanom,3554,217
3525,Nakhon Ratchasima,3555,217
3526,Nakhon Sawan,3556,217
3527,Nakhon Si Thammarat,3557,217
3528,Nan,3558,217
3529,Narathiwat,3559,217
3530,Nong Bua Lam Phu,3560,217
3531,Nong Khai,3561,217
3532,Nonthaburi,3562,217
3533,Pathum Thani,3563,217
3534,Pattani,3564,217
3535,Phangnga,3565,217
3536,Phatthalung,3566,217
3537,Phayao,3567,217
3538,Phetchabun,3568,217
3539,Phetchaburi,3569,217
3540,Phichit,3570,217
3541,Phitsanulok,3571,217
3542,Phra Nakhon Si Ayutthaya,3572,217
3543,Phrae,3573,217
3544,Phuket,3574,217
3545,Prachin Buri,3575,217
3546,Prachuap Khiri Khan,3576,217
3547,Ranong,3577,217
3548,Ratchaburi,3578,217
3549,Rayong,3579,217
3550,Roi Et,3580,217
3551,Sa Kaeo,3581,217
3552,Sakon Nakhon,3582,217
3553,Samut Prakan,3583,217
3554,Samut Sakhon,3584,217
3555,Samut Songkhran,3585,217
3556,Saraburi,3586,217
3557,Satun,3587,217
3558,Si Sa Ket,3588,217
3559,Sing Buri,3589,217
3560,Songkhla,3590,217
3561,Sukhothai,3591,217
3562,Suphan Buri,3592,217
3563,Surat Thani,3593,217
3564,Surin,3594,217
3565,Tak,3595,217
3566,Trang,3596,217
3567,Trat,3597,217
3568,Ubon Ratchathani,3598,217
3569,Udon Thani,3599,217
3570,Uthai Thani,3600,217
3571,Uttaradit,3601,217
3572,Yala,3602,217
3573,Yasothon,3603,217
3574,Centre,3604,218
3575,Kara,3605,218
3576,Maritime,3606,218
3577,Plateaux,3607,218
3578,Savanes,3608,218
3579,Atafu,3609,219
3580,Fakaofo,3610,219
3581,Nukunonu,3611,219
3582,Eua,3612,220
3583,Ha'apai,3613,220
3584,Niuas,3614,220
3585,Tongatapu,3615,220
3586,Vava'u,3616,220
3587,Arima-Tunapuna-Piarco,3617,221
3588,Caroni,3618,221
3589,Chaguanas,3619,221
3590,Couva-Tabaquite-Talparo,3620,221
3591,Diego Martin,3621,221
3592,Glencoe,3622,221
3593,Penal Debe,3623,221
3594,Point Fortin,3624,221
3595,Port of Spain,3625,221
3596,Princes Town,3626,221
3597,Saint George,3627,221
3598,San Fernando,3628,221
3599,San Juan,3629,221
3600,Sangre Grande,3630,221
3601,Siparia,3631,221
3602,Tobago,3632,221
3603,Aryanah,3633,222
3604,Bajah,3634,222
3605,Bin 'Arus,3635,222
3606,Binzart,3636,222
3607,Gouvernorat de Ariana,3637,222
3608,Gouvernorat de Nabeul,3638,222
3609,Gouvernorat de Sousse,3639,222
3610,Hammamet Yasmine,3640,222
3611,Jundubah,3641,222
3612,Madaniyin,3642,222
3613,Manubah,3643,222
3614,Monastir,3644,222
3615,Nabul,3645,222
3616,Qabis,3646,222
3617,Qafsah,3647,222
3618,Qibili,3648,222
3619,Safaqis,3649,222
3620,Sfax,3650,222
3621,Sidi Bu Zayd,3651,222
3622,Silyanah,3652,222
3623,Susah,3653,222
3624,Tatawin,3654,222
3625,Tawzar,3655,222
3626,Tunis,3656,222
3627,Zaghwan,3657,222
3628,al-Kaf,3658,222
3629,al-Mahdiyah,3659,222
3630,al-Munastir,3660,222
3631,al-Qasrayn,3661,222
3632,al-Qayrawan,3662,222
3633,Adana,3663,223
3634,Adiyaman,3664,223
3635,Afyon,3665,223
3636,Agri,3666,223
3637,Aksaray,3667,223
3638,Amasya,3668,223
3639,Ankara,3669,223
3640,Antalya,3670,223
3641,Ardahan,3671,223
3642,Artvin,3672,223
3643,Aydin,3673,223
3644,Balikesir,3674,223
3645,Bartin,3675,223
3646,Batman,3676,223
3647,Bayburt,3677,223
3648,Bilecik,3678,223
3649,Bingol,3679,223
3650,Bitlis,3680,223
3651,Bolu,3681,223
3652,Burdur,3682,223
3653,Bursa,3683,223
3654,Canakkale,3684,223
3655,Cankiri,3685,223
3656,Corum,3686,223
3657,Denizli,3687,223
3658,Diyarbakir,3688,223
3659,Duzce,3689,223
3660,Edirne,3690,223
3661,Elazig,3691,223
3662,Erzincan,3692,223
3663,Erzurum,3693,223
3664,Eskisehir,3694,223
3665,Gaziantep,3695,223
3666,Giresun,3696,223
3667,Gumushane,3697,223
3668,Hakkari,3698,223
3669,Hatay,3699,223
3670,Icel,3700,223
3671,Igdir,3701,223
3672,Isparta,3702,223
3673,Istanbul,3703,223
3674,Izmir,3704,223
3675,Kahramanmaras,3705,223
3676,Karabuk,3706,223
3677,Karaman,3707,223
3678,Kars,3708,223
3679,Karsiyaka,3709,223
3680,Kastamonu,3710,223
3681,Kayseri,3711,223
3682,Kilis,3712,223
3683,Kirikkale,3713,223
3684,Kirklareli,3714,223
3685,Kirsehir,3715,223
3686,Kocaeli,3716,223
3687,Konya,3717,223
3688,Kutahya,3718,223
3689,Lefkosa,3719,223
3690,Malatya,3720,223
3691,Manisa,3721,223
3692,Mardin,3722,223
3693,Mugla,3723,223
3694,Mus,3724,223
3695,Nevsehir,3725,223
3696,Nigde,3726,223
3697,Ordu,3727,223
3698,Osmaniye,3728,223
3699,Rize,3729,223
3700,Sakarya,3730,223
3701,Samsun,3731,223
3702,Sanliurfa,3732,223
3703,Siirt,3733,223
3704,Sinop,3734,223
3705,Sirnak,3735,223
3706,Sivas,3736,223
3707,Tekirdag,3737,223
3708,Tokat,3738,223
3709,Trabzon,3739,223
3710,Tunceli,3740,223
3711,Usak,3741,223
3712,Van,3742,223
3713,Yalova,3743,223
3714,Yozgat,3744,223
3715,Zonguldak,3745,223
3716,Ahal,3746,224
3717,Asgabat,3747,224
3718,Balkan,3748,224
3719,Dasoguz,3749,224
3720,Lebap,3750,224
3721,Mari,3751,224
3722,Grand Turk,3752,225
3723,South Caicos and East Caicos,3753,225
3724,Funafuti,3754,226
3725,Nanumanga,3755,226
3726,Nanumea,3756,226
3727,Niutao,3757,226
3728,Nui,3758,226
3729,Nukufetau,3759,226
3730,Nukulaelae,3760,226
3731,Vaitupu,3761,226
3732,Central,3762,227
3733,Eastern,3763,227
3734,Northern,3764,227
3735,Western,3765,227
3736,Cherkas'ka,3766,228
3737,Chernihivs'ka,3767,228
3738,Chernivets'ka,3768,228
3739,Crimea,3769,228
3740,Dnipropetrovska,3770,228
3741,Donets'ka,3771,228
3742,Ivano-Frankivs'ka,3772,228
3743,Kharkiv,3773,228
3744,Kharkov,3774,228
3745,Khersonska,3775,228
3746,Khmel'nyts'ka,3776,228
3747,Kirovohrad,3777,228
3748,Krym,3778,228
3749,Kyyiv,3779,228
3750,Kyyivs'ka,3780,228
3751,L'vivs'ka,3781,228
3752,Luhans'ka,3782,228
3753,Mykolayivs'ka,3783,228
3754,Odes'ka,3784,228
3755,Odessa,3785,228
3756,Poltavs'ka,3786,228
3757,Rivnens'ka,3787,228
3758,Sevastopol',3788,228
3759,Sums'ka,3789,228
3760,Ternopil's'ka,3790,228
3761,Volyns'ka,3791,228
3762,Vynnyts'ka,3792,228
3763,Zakarpats'ka,3793,228
3764,Zaporizhia,3794,228
3765,Zhytomyrs'ka,3795,228
3766,Abu Zabi,3796,229
3767,Ajman,3797,229
3768,Dubai,3798,229
3769,Ras al-Khaymah,3799,229
3770,Sharjah,3800,229
3771,Sharjha,3801,229
3772,Umm al Qaywayn,3802,229
3773,al-Fujayrah,3803,229
3774,ash-Shariqah,3804,229
3775,Aberdeen,3805,230
3776,Aberdeenshire,3806,230
3777,Argyll,3807,230
3778,Armagh,3808,230
3779,Bedfordshire,3809,230
3780,Belfast,3810,230
3781,Berkshire,3811,230
3782,Birmingham,3812,230
3783,Brechin,3813,230
3784,Bridgnorth,3814,230
3785,Bristol,3815,230
3786,Buckinghamshire,3816,230
3787,Cambridge,3817,230
3788,Cambridgeshire,3818,230
3789,Channel Islands,3819,230
3790,Cheshire,3820,230
3791,Cleveland,3821,230
3792,Co Fermanagh,3822,230
3793,Conwy,3823,230
3794,Cornwall,3824,230
3795,Coventry,3825,230
3796,Craven Arms,3826,230
3797,Cumbria,3827,230
3798,Denbighshire,3828,230
3799,Derby,3829,230
3800,Derbyshire,3830,230
3801,Devon,3831,230
3802,Dial Code Dungannon,3832,230
3803,Didcot,3833,230
3804,Dorset,3834,230
3805,Dunbartonshire,3835,230
3806,Durham,3836,230
3807,East Dunbartonshire,3837,230
3808,East Lothian,3838,230
3809,East Midlands,3839,230
3810,East Sussex,3840,230
3811,East Yorkshire,3841,230
3812,England,3842,230
3813,Essex,3843,230
3814,Fermanagh,3844,230
3815,Fife,3845,230
3816,Flintshire,3846,230
3817,Fulham,3847,230
3818,Gainsborough,3848,230
3819,Glocestershire,3849,230
3820,Gwent,3850,230
3821,Hampshire,3851,230
3822,Hants,3852,230
3823,Herefordshire,3853,230
3824,Hertfordshire,3854,230
3825,Ireland,3855,230
3826,Isle Of Man,3856,230
3827,Isle of Wight,3857,230
3828,Kenford,3858,230
3829,Kent,3859,230
3830,Kilmarnock,3860,230
3831,Lanarkshire,3861,230
3832,Lancashire,3862,230
3833,Leicestershire,3863,230
3834,Lincolnshire,3864,230
3835,Llanymynech,3865,230
3836,London,3866,230
3837,Ludlow,3867,230
3838,Manchester,3868,230
3839,Mayfair,3869,230
3840,Merseyside,3870,230
3841,Mid Glamorgan,3871,230
3842,Middlesex,3872,230
3843,Mildenhall,3873,230
3844,Monmouthshire,3874,230
3845,Newton Stewart,3875,230
3846,Norfolk,3876,230
3847,North Humberside,3877,230
3848,North Yorkshire,3878,230
3849,Northamptonshire,3879,230
3850,Northants,3880,230
3851,Northern Ireland,3881,230
3852,Northumberland,3882,230
3853,Nottinghamshire,3883,230
3854,Oxford,3884,230
3855,Powys,3885,230
3856,Roos-shire,3886,230
3857,SUSSEX,3887,230
3858,Sark,3888,230
3859,Scotland,3889,230
3860,Scottish Borders,3890,230
3861,Shropshire,3891,230
3862,Somerset,3892,230
3863,South Glamorgan,3893,230
3864,South Wales,3894,230
3865,South Yorkshire,3895,230
3866,Southwell,3896,230
3867,Staffordshire,3897,230
3868,Strabane,3898,230
3869,Suffolk,3899,230
3870,Surrey,3900,230
3871,Sussex,3901,230
3872,Twickenham,3902,230
3873,Tyne and Wear,3903,230
3874,Tyrone,3904,230
3875,Utah,3905,230
3876,Wales,3906,230
3877,Warwickshire,3907,230
3878,West Lothian,3908,230
3879,West Midlands,3909,230
3880,West Sussex,3910,230
3881,West Yorkshire,3911,230
3882,Whissendine,3912,230
3883,Wiltshire,3913,230
3884,Wokingham,3914,230
3885,Worcestershire,3915,230
3886,Wrexham,3916,230
3887,Wurttemberg,3917,230
3888,Yorkshire,3918,230
3889,Alabama,3919,231
3890,Alaska,3920,231
3891,Arizona,3921,231
3892,Arkansas,3922,231
3893,Byram,3923,231
3894,California,3924,231
3895,Cokato,3925,231
3896,Colorado,3926,231
3897,Connecticut,3927,231
3898,Delaware,3928,231
3899,District of Columbia,3929,231
3900,Florida,3930,231
3901,Georgia,3931,231
3902,Hawaii,3932,231
3903,Idaho,3933,231
3904,Illinois,3934,231
3905,Indiana,3935,231
3906,Iowa,3936,231
3907,Kansas,3937,231
3908,Kentucky,3938,231
3909,Louisiana,3939,231
3910,Lowa,3940,231
3911,Maine,3941,231
3912,Maryland,3942,231
3913,Massachusetts,3943,231
3914,Medfield,3944,231
3915,Michigan,3945,231
3916,Minnesota,3946,231
3917,Mississippi,3947,231
3918,Missouri,3948,231
3919,Montana,3949,231
3920,Nebraska,3950,231
3921,Nevada,3951,231
3922,New Hampshire,3952,231
3923,New Jersey,3953,231
3924,New Jersy,3954,231
3925,New Mexico,3955,231
3926,New York,3956,231
3927,North Carolina,3957,231
3928,North Dakota,3958,231
3929,Ohio,3959,231
3930,Oklahoma,3960,231
3931,Ontario,3961,231
3932,Oregon,3962,231
3933,Pennsylvania,3963,231
3934,Ramey,3964,231
3935,Rhode Island,3965,231
3936,South Carolina,3966,231
3937,South Dakota,3967,231
3938,Sublimity,3968,231
3939,Tennessee,3969,231
3940,Texas,3970,231
3941,Trimble,3971,231
3942,Utah,3972,231
3943,Vermont,3973,231
3944,Virginia,3974,231
3945,Washington,3975,231
3946,West Virginia,3976,231
3947,Wisconsin,3977,231
3948,Wyoming,3978,231
3949,United States Minor Outlying I,3979,232
3950,Artigas,3980,233
3951,Canelones,3981,233
3952,Cerro Largo,3982,233
3953,Colonia,3983,233
3954,Durazno,3984,233
3955,FLorida,3985,233
3956,Flores,3986,233
3957,Lavalleja,3987,233
3958,Maldonado,3988,233
3959,Montevideo,3989,233
3960,Paysandu,3990,233
3961,Rio Negro,3991,233
3962,Rivera,3992,233
3963,Rocha,3993,233
3964,Salto,3994,233
3965,San Jose,3995,233
3966,Soriano,3996,233
3967,Tacuarembo,3997,233
3968,Treinta y Tres,3998,233
3969,Andijon,3999,234
3970,Buhoro,4000,234
3971,Buxoro Viloyati,4001,234
3972,Cizah,4002,234
3973,Fargona,4003,234
3974,Horazm,4004,234
3975,Kaskadar,4005,234
3976,Korakalpogiston,4006,234
3977,Namangan,4007,234
3978,Navoi,4008,234
3979,Samarkand,4009,234
3980,Sirdare,4010,234
3981,Surhondar,4011,234
3982,Toskent,4012,234
3983,Malampa,4013,235
3984,Penama,4014,235
3985,Sanma,4015,235
3986,Shefa,4016,235
3987,Tafea,4017,235
3988,Torba,4018,235
3989,Vatican City State (Holy See),4019,236
3990,Amazonas,4020,237
3991,Anzoategui,4021,237
3992,Apure,4022,237
3993,Aragua,4023,237
3994,Barinas,4024,237
3995,Bolivar,4025,237
3996,Carabobo,4026,237
3997,Cojedes,4027,237
3998,Delta Amacuro,4028,237
3999,Distrito Federal,4029,237
4000,Falcon,4030,237
4001,Guarico,4031,237
4002,Lara,4032,237
4003,Merida,4033,237
4004,Miranda,4034,237
4005,Monagas,4035,237
4006,Nueva Esparta,4036,237
4007,Portuguesa,4037,237
4008,Sucre,4038,237
4009,Tachira,4039,237
4010,Trujillo,4040,237
4011,Vargas,4041,237
4012,Yaracuy,4042,237
4013,Zulia,4043,237
4014,Bac Giang,4044,238
4015,Binh Dinh,4045,238
4016,Binh Duong,4046,238
4017,Da Nang,4047,238
4018,Dong Bang Song Cuu Long,4048,238
4019,Dong Bang Song Hong,4049,238
4020,Dong Nai,4050,238
4021,Dong Nam Bo,4051,238
4022,Duyen Hai Mien Trung,4052,238
4023,Hanoi,4053,238
4024,Hung Yen,4054,238
4025,Khu Bon Cu,4055,238
4026,Long An,4056,238
4027,Mien Nui Va Trung Du,4057,238
4028,Thai Nguyen,4058,238
4029,Thanh Pho Ho Chi Minh,4059,238
4030,Thu Do Ha Noi,4060,238
4031,Tinh Can Tho,4061,238
4032,Tinh Da Nang,4062,238
4033,Tinh Gia Lai,4063,238
4034,Anegada,4064,239
4035,Jost van Dyke,4065,239
4036,Tortola,4066,239
4037,Saint Croix,4067,240
4038,Saint John,4068,240
4039,Saint Thomas,4069,240
4040,Alo,4070,241
4041,Singave,4071,241
4042,Wallis,4072,241
4043,Bu Jaydur,4073,242
4044,Wad-adh-Dhahab,4074,242
4045,al-'Ayun,4075,242
4046,as-Samarah,4076,242
4047,'Adan,4077,243
4048,Abyan,4078,243
4049,Dhamar,4079,243
4050,Hadramaut,4080,243
4051,Hajjah,4081,243
4052,Hudaydah,4082,243
4053,Ibb,4083,243
4054,Lahij,4084,243
4055,Ma'rib,4085,243
4056,Madinat San'a,4086,243
4057,Sa'dah,4087,243
4058,Sana,4088,243
4059,Shabwah,4089,243
4060,Ta'izz,4090,243
4061,al-Bayda,4091,243
4062,al-Hudaydah,4092,243
4063,al-Jawf,4093,243
4064,al-Mahrah,4094,243
4065,al-Mahwit,4095,243
4066,Central Serbia,4096,244
4067,Kosovo and Metohija,4097,244
4068,Montenegro,4098,244
4069,Republic of Serbia,4099,244
4070,Serbia,4100,244
4071,Vojvodina,4101,244
4072,Central,4102,245
4073,Copperbelt,4103,245
4074,Eastern,4104,245
4075,Luapala,4105,245
4076,Lusaka,4106,245
4077,North-Western,4107,245
4078,Northern,4108,245
4079,Southern,4109,245
4080,Western,4110,245
4081,Bulawayo,4111,246
4082,Harare,4112,246
4083,Manicaland,4113,246
4084,Mashonaland Central,4114,246
4085,Mashonaland East,4115,246
4086,Mashonaland West,4116,246
4087,Masvingo,4117,246
4088,Matabeleland North,4118,246
4089,Matabeleland South,4119,246
4090,Midlands,4120,246
4091,Lienchiang County,4121,214
